规格书编号,客户名称,产品,客户特征,参数编号,参数名称,参数类别,单位,客户要求值,内部基线值,是否存在差异,差异方向,差异说明
SPEC-001,某德系豪华品牌（项目代号D1）,前大灯总成（ADB自适应远光）,德系豪华品牌，对可靠性和EMC要求极为严苛,OPT-01,近光光通量,光学性能,lm,1200,1200,否,一致,
SPEC-001,某德系豪华品牌（项目代号D1）,前大灯总成（ADB自适应远光）,德系豪华品牌，对可靠性和EMC要求极为严苛,OPT-02,远光光通量,光学性能,lm,1800,1800,否,一致,
SPEC-001,某德系豪华品牌（项目代号D1）,前大灯总成（ADB自适应远光）,德系豪华品牌，对可靠性和EMC要求极为严苛,OPT-03,近光中心照度,光学性能,lx@25m,45,45,否,一致,
SPEC-001,某德系豪华品牌（项目代号D1）,前大灯总成（ADB自适应远光）,德系豪华品牌，对可靠性和EMC要求极为严苛,OPT-04,远光中心照度,光学性能,lx@25m,120,120,否,一致,
SPEC-001,某德系豪华品牌（项目代号D1）,前大灯总成（ADB自适应远光）,德系豪华品牌，对可靠性和EMC要求极为严苛,OPT-05,近光截止线清晰度,光学性能,%,85,85,否,一致,
SPEC-001,某德系豪华品牌（项目代号D1）,前大灯总成（ADB自适应远光）,德系豪华品牌，对可靠性和EMC要求极为严苛,OPT-06,近光截止线水平偏移,光学性能,°,0.5,0.5,否,一致,
SPEC-001,某德系豪华品牌（项目代号D1）,前大灯总成（ADB自适应远光）,德系豪华品牌，对可靠性和EMC要求极为严苛,OPT-07,色温范围,光学性能,K,5500-6500,5500-6500,否,一致,
SPEC-001,某德系豪华品牌（项目代号D1）,前大灯总成（ADB自适应远光）,德系豪华品牌，对可靠性和EMC要求极为严苛,OPT-08,日行灯亮度,光学性能,cd,300,300,否,一致,
SPEC-001,某德系豪华品牌（项目代号D1）,前大灯总成（ADB自适应远光）,德系豪华品牌，对可靠性和EMC要求极为严苛,OPT-09,转向灯亮度,光学性能,cd,150,150,否,一致,
SPEC-001,某德系豪华品牌（项目代号D1）,前大灯总成（ADB自适应远光）,德系豪华品牌，对可靠性和EMC要求极为严苛,OPT-10,光型均匀度,光学性能,%,75,75,否,一致,
SPEC-001,某德系豪华品牌（项目代号D1）,前大灯总成（ADB自适应远光）,德系豪华品牌，对可靠性和EMC要求极为严苛,ELE-01,额定工作电压,电气性能,V,12,12,否,一致,
SPEC-001,某德系豪华品牌（项目代号D1）,前大灯总成（ADB自适应远光）,德系豪华品牌，对可靠性和EMC要求极为严苛,ELE-02,工作电压范围,电气性能,V,9-16,9-16,否,一致,
SPEC-001,某德系豪华品牌（项目代号D1）,前大灯总成（ADB自适应远光）,德系豪华品牌，对可靠性和EMC要求极为严苛,ELE-03,近光功耗,电气性能,W,35,35,否,一致,
SPEC-001,某德系豪华品牌（项目代号D1）,前大灯总成（ADB自适应远光）,德系豪华品牌，对可靠性和EMC要求极为严苛,ELE-04,远光功耗,电气性能,W,55,55,否,一致,
SPEC-001,某德系豪华品牌（项目代号D1）,前大灯总成（ADB自适应远光）,德系豪华品牌，对可靠性和EMC要求极为严苛,ELE-05,待机功耗,电气性能,mA,1,2,是,高于,客户要求≤1mA待机功耗，内部为2mA
SPEC-001,某德系豪华品牌（项目代号D1）,前大灯总成（ADB自适应远光）,德系豪华品牌，对可靠性和EMC要求极为严苛,ELE-06,浪涌电流,电气性能,A,15,15,否,一致,
SPEC-001,某德系豪华品牌（项目代号D1）,前大灯总成（ADB自适应远光）,德系豪华品牌，对可靠性和EMC要求极为严苛,ELE-07,CAN通信速率,电气性能,kbps,500,500,否,一致,
SPEC-001,某德系豪华品牌（项目代号D1）,前大灯总成（ADB自适应远光）,德系豪华品牌，对可靠性和EMC要求极为严苛,ELE-08,LIN通信速率,电气性能,kbps,19.2,19.2,否,一致,
SPEC-001,某德系豪华品牌（项目代号D1）,前大灯总成（ADB自适应远光）,德系豪华品牌，对可靠性和EMC要求极为严苛,ENV-01,最低工作温度,环境耐久,°C,-50,-40,是,高于,客户要求-50°C，内部仅-40°C
SPEC-001,某德系豪华品牌（项目代号D1）,前大灯总成（ADB自适应远光）,德系豪华品牌，对可靠性和EMC要求极为严苛,ENV-02,最高工作温度,环境耐久,°C,105,85,是,高于,客户要求105°C，内部仅85°C
SPEC-001,某德系豪华品牌（项目代号D1）,前大灯总成（ADB自适应远光）,德系豪华品牌，对可靠性和EMC要求极为严苛,ENV-03,存储温度下限,环境耐久,°C,-40,-40,否,一致,
SPEC-001,某德系豪华品牌（项目代号D1）,前大灯总成（ADB自适应远光）,德系豪华品牌，对可靠性和EMC要求极为严苛,ENV-04,存储温度上限,环境耐久,°C,105,105,否,一致,
SPEC-001,某德系豪华品牌（项目代号D1）,前大灯总成（ADB自适应远光）,德系豪华品牌，对可靠性和EMC要求极为严苛,ENV-05,防护等级,环境耐久,IP等级,IP67,IP67,否,一致,
SPEC-001,某德系豪华品牌（项目代号D1）,前大灯总成（ADB自适应远光）,德系豪华品牌，对可靠性和EMC要求极为严苛,ENV-06,盐雾试验,环境耐久,h,1440,720,是,高于,客户要求1440h盐雾，内部仅720h
SPEC-001,某德系豪华品牌（项目代号D1）,前大灯总成（ADB自适应远光）,德系豪华品牌，对可靠性和EMC要求极为严苛,ENV-07,高温高湿试验,环境耐久,h,2000,1000,是,高于,客户要求2000h高温高湿，内部仅1000h
SPEC-001,某德系豪华品牌（项目代号D1）,前大灯总成（ADB自适应远光）,德系豪华品牌，对可靠性和EMC要求极为严苛,ENV-08,温度循环次数,环境耐久,次,1000,500,是,高于,客户要求1000次温循，内部仅500次
SPEC-001,某德系豪华品牌（项目代号D1）,前大灯总成（ADB自适应远光）,德系豪华品牌，对可靠性和EMC要求极为严苛,ENV-09,耐振动(随机),环境耐久,Grms,8.0,5.0,是,高于,客户要求8Grms振动，内部仅5Grms
SPEC-001,某德系豪华品牌（项目代号D1）,前大灯总成（ADB自适应远光）,德系豪华品牌，对可靠性和EMC要求极为严苛,ENV-10,紫外线老化,环境耐久,h,2000,2000,否,一致,
SPEC-001,某德系豪华品牌（项目代号D1）,前大灯总成（ADB自适应远光）,德系豪华品牌，对可靠性和EMC要求极为严苛,MEC-01,灯罩冲击强度,机械性能,J,15,15,否,一致,
SPEC-001,某德系豪华品牌（项目代号D1）,前大灯总成（ADB自适应远光）,德系豪华品牌，对可靠性和EMC要求极为严苛,MEC-02,壳体弯曲刚度,机械性能,N/mm,50,50,否,一致,
SPEC-001,某德系豪华品牌（项目代号D1）,前大灯总成（ADB自适应远光）,德系豪华品牌，对可靠性和EMC要求极为严苛,MEC-03,安装点拔出力,机械性能,N,300,300,否,一致,
SPEC-001,某德系豪华品牌（项目代号D1）,前大灯总成（ADB自适应远光）,德系豪华品牌，对可靠性和EMC要求极为严苛,MEC-04,连接器插拔力,机械性能,N,80,80,否,一致,
SPEC-001,某德系豪华品牌（项目代号D1）,前大灯总成（ADB自适应远光）,德系豪华品牌，对可靠性和EMC要求极为严苛,MEC-05,调节电机寿命,机械性能,万次,5,5,否,一致,
SPEC-001,某德系豪华品牌（项目代号D1）,前大灯总成（ADB自适应远光）,德系豪华品牌，对可靠性和EMC要求极为严苛,MEC-06,整灯重量上限,机械性能,kg,2.8,3.5,是,高于,客户要求≤2.8kg，内部为3.5kg
SPEC-001,某德系豪华品牌（项目代号D1）,前大灯总成（ADB自适应远光）,德系豪华品牌，对可靠性和EMC要求极为严苛,MEC-07,跌落试验高度,机械性能,cm,60,60,否,一致,
SPEC-001,某德系豪华品牌（项目代号D1）,前大灯总成（ADB自适应远光）,德系豪华品牌，对可靠性和EMC要求极为严苛,MEC-08,紧固件扭矩,机械性能,N·m,8,8,否,一致,
SPEC-001,某德系豪华品牌（项目代号D1）,前大灯总成（ADB自适应远光）,德系豪华品牌，对可靠性和EMC要求极为严苛,EMC-01,静电放电(接触),EMC电磁兼容,kV,±8,±4,是,高于,客户要求±8kV接触放电，内部仅±4kV
SPEC-001,某德系豪华品牌（项目代号D1）,前大灯总成（ADB自适应远光）,德系豪华品牌，对可靠性和EMC要求极为严苛,EMC-02,静电放电(空气),EMC电磁兼容,kV,±15,±8,是,高于,客户要求±15kV空气放电，内部仅±8kV
SPEC-001,某德系豪华品牌（项目代号D1）,前大灯总成（ADB自适应远光）,德系豪华品牌，对可靠性和EMC要求极为严苛,EMC-03,传导骚扰限值,EMC电磁兼容,等级,Class 4,Class 3,是,高于,客户要求Class 4，内部仅Class 3
SPEC-001,某德系豪华品牌（项目代号D1）,前大灯总成（ADB自适应远光）,德系豪华品牌，对可靠性和EMC要求极为严苛,EMC-04,辐射骚扰限值,EMC电磁兼容,等级,Class 3,Class 3,否,一致,
SPEC-001,某德系豪华品牌（项目代号D1）,前大灯总成（ADB自适应远光）,德系豪华品牌，对可靠性和EMC要求极为严苛,EMC-05,电源瞬态抗扰度,EMC电磁兼容,等级,Level 3,Level 3,否,一致,
SPEC-001,某德系豪华品牌（项目代号D1）,前大灯总成（ADB自适应远光）,德系豪华品牌，对可靠性和EMC要求极为严苛,REG-01,中国CCC认证,法规认证,要求,必须,必须,否,一致,
SPEC-001,某德系豪华品牌（项目代号D1）,前大灯总成（ADB自适应远光）,德系豪华品牌，对可靠性和EMC要求极为严苛,REG-02,欧洲ECE R149,法规认证,要求,必须,必须,否,一致,
SPEC-001,某德系豪华品牌（项目代号D1）,前大灯总成（ADB自适应远光）,德系豪华品牌，对可靠性和EMC要求极为严苛,REG-03,美国SAE J1383,法规认证,要求,可选,可选,否,一致,
SPEC-001,某德系豪华品牌（项目代号D1）,前大灯总成（ADB自适应远光）,德系豪华品牌，对可靠性和EMC要求极为严苛,REG-04,功能安全ASIL等级,法规认证,等级,ASIL D,ASIL B,是,高于,客户要求ASIL D，内部仅ASIL B
SPEC-001,某德系豪华品牌（项目代号D1）,前大灯总成（ADB自适应远光）,德系豪华品牌，对可靠性和EMC要求极为严苛,REG-05,网络安全要求,法规认证,要求,ISO 21434,ISO 21434,否,一致,
SPEC-001,某德系豪华品牌（项目代号D1）,前大灯总成（ADB自适应远光）,德系豪华品牌，对可靠性和EMC要求极为严苛,REL-01,设计寿命,可靠性,h,15000,10000,是,高于,客户要求15000h寿命，内部仅10000h
SPEC-001,某德系豪华品牌（项目代号D1）,前大灯总成（ADB自适应远光）,德系豪华品牌，对可靠性和EMC要求极为严苛,REL-02,LED光衰标准(L70),可靠性,h,8000,8000,否,一致,
SPEC-001,某德系豪华品牌（项目代号D1）,前大灯总成（ADB自适应远光）,德系豪华品牌，对可靠性和EMC要求极为严苛,REL-03,PCBA MTBF,可靠性,h,100000,50000,是,高于,客户要求100000h MTBF，内部仅50000h
SPEC-001,某德系豪华品牌（项目代号D1）,前大灯总成（ADB自适应远光）,德系豪华品牌，对可靠性和EMC要求极为严苛,REL-04,调光电机耐久,可靠性,万次,10,10,否,一致,
SPEC-001,某德系豪华品牌（项目代号D1）,前大灯总成（ADB自适应远光）,德系豪华品牌，对可靠性和EMC要求极为严苛,REL-05,整车质保期,可靠性,年,3,3,否,一致,
SPEC-002,某日系合资品牌（项目代号J1）,前大灯总成（近光+远光+DRL）,日系合资品牌，注重光学品质和精细控制,OPT-01,近光光通量,光学性能,lm,1200,1200,否,一致,
SPEC-002,某日系合资品牌（项目代号J1）,前大灯总成（近光+远光+DRL）,日系合资品牌，注重光学品质和精细控制,OPT-02,远光光通量,光学性能,lm,1800,1800,否,一致,
SPEC-002,某日系合资品牌（项目代号J1）,前大灯总成（近光+远光+DRL）,日系合资品牌，注重光学品质和精细控制,OPT-03,近光中心照度,光学性能,lx@25m,45,45,否,一致,
SPEC-002,某日系合资品牌（项目代号J1）,前大灯总成（近光+远光+DRL）,日系合资品牌，注重光学品质和精细控制,OPT-04,远光中心照度,光学性能,lx@25m,120,120,否,一致,
SPEC-002,某日系合资品牌（项目代号J1）,前大灯总成（近光+远光+DRL）,日系合资品牌，注重光学品质和精细控制,OPT-05,近光截止线清晰度,光学性能,%,92,85,是,高于,客户要求截止线清晰度92%，内部仅85%
SPEC-002,某日系合资品牌（项目代号J1）,前大灯总成（近光+远光+DRL）,日系合资品牌，注重光学品质和精细控制,OPT-06,近光截止线水平偏移,光学性能,°,0.3,0.5,是,高于,客户要求水平偏移≤0.3°，内部为0.5°
SPEC-002,某日系合资品牌（项目代号J1）,前大灯总成（近光+远光+DRL）,日系合资品牌，注重光学品质和精细控制,OPT-07,色温范围,光学性能,K,5700-6300,5500-6500,是,不同,客户要求5700-6300K，内部为5500-6500K
SPEC-002,某日系合资品牌（项目代号J1）,前大灯总成（近光+远光+DRL）,日系合资品牌，注重光学品质和精细控制,OPT-08,日行灯亮度,光学性能,cd,300,300,否,一致,
SPEC-002,某日系合资品牌（项目代号J1）,前大灯总成（近光+远光+DRL）,日系合资品牌，注重光学品质和精细控制,OPT-09,转向灯亮度,光学性能,cd,150,150,否,一致,
SPEC-002,某日系合资品牌（项目代号J1）,前大灯总成（近光+远光+DRL）,日系合资品牌，注重光学品质和精细控制,OPT-10,光型均匀度,光学性能,%,85,75,是,高于,客户要求光型均匀度85%，内部仅75%
SPEC-002,某日系合资品牌（项目代号J1）,前大灯总成（近光+远光+DRL）,日系合资品牌，注重光学品质和精细控制,ELE-01,额定工作电压,电气性能,V,12,12,否,一致,
SPEC-002,某日系合资品牌（项目代号J1）,前大灯总成（近光+远光+DRL）,日系合资品牌，注重光学品质和精细控制,ELE-02,工作电压范围,电气性能,V,9-16,9-16,否,一致,
SPEC-002,某日系合资品牌（项目代号J1）,前大灯总成（近光+远光+DRL）,日系合资品牌，注重光学品质和精细控制,ELE-03,近光功耗,电气性能,W,35,35,否,一致,
SPEC-002,某日系合资品牌（项目代号J1）,前大灯总成（近光+远光+DRL）,日系合资品牌，注重光学品质和精细控制,ELE-04,远光功耗,电气性能,W,55,55,否,一致,
SPEC-002,某日系合资品牌（项目代号J1）,前大灯总成（近光+远光+DRL）,日系合资品牌，注重光学品质和精细控制,ELE-05,待机功耗,电气性能,mA,2,2,否,一致,
SPEC-002,某日系合资品牌（项目代号J1）,前大灯总成（近光+远光+DRL）,日系合资品牌，注重光学品质和精细控制,ELE-06,浪涌电流,电气性能,A,15,15,否,一致,
SPEC-002,某日系合资品牌（项目代号J1）,前大灯总成（近光+远光+DRL）,日系合资品牌，注重光学品质和精细控制,ELE-07,CAN通信速率,电气性能,kbps,500,500,否,一致,
SPEC-002,某日系合资品牌（项目代号J1）,前大灯总成（近光+远光+DRL）,日系合资品牌，注重光学品质和精细控制,ELE-08,LIN通信速率,电气性能,kbps,19.2,19.2,否,一致,
SPEC-002,某日系合资品牌（项目代号J1）,前大灯总成（近光+远光+DRL）,日系合资品牌，注重光学品质和精细控制,ENV-01,最低工作温度,环境耐久,°C,-40,-40,否,一致,
SPEC-002,某日系合资品牌（项目代号J1）,前大灯总成（近光+远光+DRL）,日系合资品牌，注重光学品质和精细控制,ENV-02,最高工作温度,环境耐久,°C,85,85,否,一致,
SPEC-002,某日系合资品牌（项目代号J1）,前大灯总成（近光+远光+DRL）,日系合资品牌，注重光学品质和精细控制,ENV-03,存储温度下限,环境耐久,°C,-40,-40,否,一致,
SPEC-002,某日系合资品牌（项目代号J1）,前大灯总成（近光+远光+DRL）,日系合资品牌，注重光学品质和精细控制,ENV-04,存储温度上限,环境耐久,°C,105,105,否,一致,
SPEC-002,某日系合资品牌（项目代号J1）,前大灯总成（近光+远光+DRL）,日系合资品牌，注重光学品质和精细控制,ENV-05,防护等级,环境耐久,IP等级,IP67,IP67,否,一致,
SPEC-002,某日系合资品牌（项目代号J1）,前大灯总成（近光+远光+DRL）,日系合资品牌，注重光学品质和精细控制,ENV-06,盐雾试验,环境耐久,h,960,720,是,高于,客户要求960h盐雾，内部仅720h
SPEC-002,某日系合资品牌（项目代号J1）,前大灯总成（近光+远光+DRL）,日系合资品牌，注重光学品质和精细控制,ENV-07,高温高湿试验,环境耐久,h,1000,1000,否,一致,
SPEC-002,某日系合资品牌（项目代号J1）,前大灯总成（近光+远光+DRL）,日系合资品牌，注重光学品质和精细控制,ENV-08,温度循环次数,环境耐久,次,500,500,否,一致,
SPEC-002,某日系合资品牌（项目代号J1）,前大灯总成（近光+远光+DRL）,日系合资品牌，注重光学品质和精细控制,ENV-09,耐振动(随机),环境耐久,Grms,5.0,5.0,否,一致,
SPEC-002,某日系合资品牌（项目代号J1）,前大灯总成（近光+远光+DRL）,日系合资品牌，注重光学品质和精细控制,ENV-10,紫外线老化,环境耐久,h,3000,2000,是,高于,客户要求3000h紫外老化，内部仅2000h
SPEC-002,某日系合资品牌（项目代号J1）,前大灯总成（近光+远光+DRL）,日系合资品牌，注重光学品质和精细控制,MEC-01,灯罩冲击强度,机械性能,J,15,15,否,一致,
SPEC-002,某日系合资品牌（项目代号J1）,前大灯总成（近光+远光+DRL）,日系合资品牌，注重光学品质和精细控制,MEC-02,壳体弯曲刚度,机械性能,N/mm,50,50,否,一致,
SPEC-002,某日系合资品牌（项目代号J1）,前大灯总成（近光+远光+DRL）,日系合资品牌，注重光学品质和精细控制,MEC-03,安装点拔出力,机械性能,N,300,300,否,一致,
SPEC-002,某日系合资品牌（项目代号J1）,前大灯总成（近光+远光+DRL）,日系合资品牌，注重光学品质和精细控制,MEC-04,连接器插拔力,机械性能,N,80,80,否,一致,
SPEC-002,某日系合资品牌（项目代号J1）,前大灯总成（近光+远光+DRL）,日系合资品牌，注重光学品质和精细控制,MEC-05,调节电机寿命,机械性能,万次,8,5,是,高于,客户要求电机寿命8万次，内部仅5万次
SPEC-002,某日系合资品牌（项目代号J1）,前大灯总成（近光+远光+DRL）,日系合资品牌，注重光学品质和精细控制,MEC-06,整灯重量上限,机械性能,kg,3.5,3.5,否,一致,
SPEC-002,某日系合资品牌（项目代号J1）,前大灯总成（近光+远光+DRL）,日系合资品牌，注重光学品质和精细控制,MEC-07,跌落试验高度,机械性能,cm,60,60,否,一致,
SPEC-002,某日系合资品牌（项目代号J1）,前大灯总成（近光+远光+DRL）,日系合资品牌，注重光学品质和精细控制,MEC-08,紧固件扭矩,机械性能,N·m,8,8,否,一致,
SPEC-002,某日系合资品牌（项目代号J1）,前大灯总成（近光+远光+DRL）,日系合资品牌，注重光学品质和精细控制,EMC-01,静电放电(接触),EMC电磁兼容,kV,±4,±4,否,一致,
SPEC-002,某日系合资品牌（项目代号J1）,前大灯总成（近光+远光+DRL）,日系合资品牌，注重光学品质和精细控制,EMC-02,静电放电(空气),EMC电磁兼容,kV,±8,±8,否,一致,
SPEC-002,某日系合资品牌（项目代号J1）,前大灯总成（近光+远光+DRL）,日系合资品牌，注重光学品质和精细控制,EMC-03,传导骚扰限值,EMC电磁兼容,等级,Class 3,Class 3,否,一致,
SPEC-002,某日系合资品牌（项目代号J1）,前大灯总成（近光+远光+DRL）,日系合资品牌，注重光学品质和精细控制,EMC-04,辐射骚扰限值,EMC电磁兼容,等级,Class 3,Class 3,否,一致,
SPEC-002,某日系合资品牌（项目代号J1）,前大灯总成（近光+远光+DRL）,日系合资品牌，注重光学品质和精细控制,EMC-05,电源瞬态抗扰度,EMC电磁兼容,等级,Level 3,Level 3,否,一致,
SPEC-002,某日系合资品牌（项目代号J1）,前大灯总成（近光+远光+DRL）,日系合资品牌，注重光学品质和精细控制,REG-01,中国CCC认证,法规认证,要求,必须,必须,否,一致,
SPEC-002,某日系合资品牌（项目代号J1）,前大灯总成（近光+远光+DRL）,日系合资品牌，注重光学品质和精细控制,REG-02,欧洲ECE R149,法规认证,要求,必须,必须,否,一致,
SPEC-002,某日系合资品牌（项目代号J1）,前大灯总成（近光+远光+DRL）,日系合资品牌，注重光学品质和精细控制,REG-03,美国SAE J1383,法规认证,要求,可选,可选,否,一致,
SPEC-002,某日系合资品牌（项目代号J1）,前大灯总成（近光+远光+DRL）,日系合资品牌，注重光学品质和精细控制,REG-04,功能安全ASIL等级,法规认证,等级,ASIL B,ASIL B,否,一致,
SPEC-002,某日系合资品牌（项目代号J1）,前大灯总成（近光+远光+DRL）,日系合资品牌，注重光学品质和精细控制,REG-05,网络安全要求,法规认证,要求,ISO 21434 Level 3,ISO 21434,是,高于,客户要求Level 3，内部为ISO 21434
SPEC-002,某日系合资品牌（项目代号J1）,前大灯总成（近光+远光+DRL）,日系合资品牌，注重光学品质和精细控制,REL-01,设计寿命,可靠性,h,10000,10000,否,一致,
SPEC-002,某日系合资品牌（项目代号J1）,前大灯总成（近光+远光+DRL）,日系合资品牌，注重光学品质和精细控制,REL-02,LED光衰标准(L70),可靠性,h,10000,8000,是,高于,客户要求L70达10000h，内部仅8000h
SPEC-002,某日系合资品牌（项目代号J1）,前大灯总成（近光+远光+DRL）,日系合资品牌，注重光学品质和精细控制,REL-03,PCBA MTBF,可靠性,h,50000,50000,否,一致,
SPEC-002,某日系合资品牌（项目代号J1）,前大灯总成（近光+远光+DRL）,日系合资品牌，注重光学品质和精细控制,REL-04,调光电机耐久,可靠性,万次,10,10,否,一致,
SPEC-002,某日系合资品牌（项目代号J1）,前大灯总成（近光+远光+DRL）,日系合资品牌，注重光学品质和精细控制,REL-05,整车质保期,可靠性,年,3,3,否,一致,
SPEC-003,某自主品牌新势力（项目代号E1）,前大灯总成（矩阵式LED）,造车新势力，强调低功耗和智能功能,OPT-01,近光光通量,光学性能,lm,1500,1200,是,高于,客户要求近光1500lm，内部仅1200lm
SPEC-003,某自主品牌新势力（项目代号E1）,前大灯总成（矩阵式LED）,造车新势力，强调低功耗和智能功能,OPT-02,远光光通量,光学性能,lm,2200,1800,是,高于,客户要求远光2200lm，内部仅1800lm
SPEC-003,某自主品牌新势力（项目代号E1）,前大灯总成（矩阵式LED）,造车新势力，强调低功耗和智能功能,OPT-03,近光中心照度,光学性能,lx@25m,45,45,否,一致,
SPEC-003,某自主品牌新势力（项目代号E1）,前大灯总成（矩阵式LED）,造车新势力，强调低功耗和智能功能,OPT-04,远光中心照度,光学性能,lx@25m,120,120,否,一致,
SPEC-003,某自主品牌新势力（项目代号E1）,前大灯总成（矩阵式LED）,造车新势力，强调低功耗和智能功能,OPT-05,近光截止线清晰度,光学性能,%,85,85,否,一致,
SPEC-003,某自主品牌新势力（项目代号E1）,前大灯总成（矩阵式LED）,造车新势力，强调低功耗和智能功能,OPT-06,近光截止线水平偏移,光学性能,°,0.5,0.5,否,一致,
SPEC-003,某自主品牌新势力（项目代号E1）,前大灯总成（矩阵式LED）,造车新势力，强调低功耗和智能功能,OPT-07,色温范围,光学性能,K,5500-6500,5500-6500,否,一致,
SPEC-003,某自主品牌新势力（项目代号E1）,前大灯总成（矩阵式LED）,造车新势力，强调低功耗和智能功能,OPT-08,日行灯亮度,光学性能,cd,300,300,否,一致,
SPEC-003,某自主品牌新势力（项目代号E1）,前大灯总成（矩阵式LED）,造车新势力，强调低功耗和智能功能,OPT-09,转向灯亮度,光学性能,cd,150,150,否,一致,
SPEC-003,某自主品牌新势力（项目代号E1）,前大灯总成（矩阵式LED）,造车新势力，强调低功耗和智能功能,OPT-10,光型均匀度,光学性能,%,75,75,否,一致,
SPEC-003,某自主品牌新势力（项目代号E1）,前大灯总成（矩阵式LED）,造车新势力，强调低功耗和智能功能,ELE-01,额定工作电压,电气性能,V,12,12,否,一致,
SPEC-003,某自主品牌新势力（项目代号E1）,前大灯总成（矩阵式LED）,造车新势力，强调低功耗和智能功能,ELE-02,工作电压范围,电气性能,V,9-16,9-16,否,一致,
SPEC-003,某自主品牌新势力（项目代号E1）,前大灯总成（矩阵式LED）,造车新势力，强调低功耗和智能功能,ELE-03,近光功耗,电气性能,W,25,35,是,高于,客户要求近光≤25W，内部为35W
SPEC-003,某自主品牌新势力（项目代号E1）,前大灯总成（矩阵式LED）,造车新势力，强调低功耗和智能功能,ELE-04,远光功耗,电气性能,W,40,55,是,高于,客户要求远光≤40W，内部为55W
SPEC-003,某自主品牌新势力（项目代号E1）,前大灯总成（矩阵式LED）,造车新势力，强调低功耗和智能功能,ELE-05,待机功耗,电气性能,mA,0.5,2,是,高于,客户要求待机≤0.5mA，内部为2mA
SPEC-003,某自主品牌新势力（项目代号E1）,前大灯总成（矩阵式LED）,造车新势力，强调低功耗和智能功能,ELE-06,浪涌电流,电气性能,A,15,15,否,一致,
SPEC-003,某自主品牌新势力（项目代号E1）,前大灯总成（矩阵式LED）,造车新势力，强调低功耗和智能功能,ELE-07,CAN通信速率,电气性能,kbps,1000,500,是,不同,客户要求CAN 1000kbps，内部为500kbps
SPEC-003,某自主品牌新势力（项目代号E1）,前大灯总成（矩阵式LED）,造车新势力，强调低功耗和智能功能,ELE-08,LIN通信速率,电气性能,kbps,19.2,19.2,否,一致,
SPEC-003,某自主品牌新势力（项目代号E1）,前大灯总成（矩阵式LED）,造车新势力，强调低功耗和智能功能,ENV-01,最低工作温度,环境耐久,°C,-40,-40,否,一致,
SPEC-003,某自主品牌新势力（项目代号E1）,前大灯总成（矩阵式LED）,造车新势力，强调低功耗和智能功能,ENV-02,最高工作温度,环境耐久,°C,95,85,是,高于,客户要求95°C（机舱温度高），内部为85°C
SPEC-003,某自主品牌新势力（项目代号E1）,前大灯总成（矩阵式LED）,造车新势力，强调低功耗和智能功能,ENV-03,存储温度下限,环境耐久,°C,-40,-40,否,一致,
SPEC-003,某自主品牌新势力（项目代号E1）,前大灯总成（矩阵式LED）,造车新势力，强调低功耗和智能功能,ENV-04,存储温度上限,环境耐久,°C,105,105,否,一致,
SPEC-003,某自主品牌新势力（项目代号E1）,前大灯总成（矩阵式LED）,造车新势力，强调低功耗和智能功能,ENV-05,防护等级,环境耐久,IP等级,IP67,IP67,否,一致,
SPEC-003,某自主品牌新势力（项目代号E1）,前大灯总成（矩阵式LED）,造车新势力，强调低功耗和智能功能,ENV-06,盐雾试验,环境耐久,h,720,720,否,一致,
SPEC-003,某自主品牌新势力（项目代号E1）,前大灯总成（矩阵式LED）,造车新势力，强调低功耗和智能功能,ENV-07,高温高湿试验,环境耐久,h,1000,1000,否,一致,
SPEC-003,某自主品牌新势力（项目代号E1）,前大灯总成（矩阵式LED）,造车新势力，强调低功耗和智能功能,ENV-08,温度循环次数,环境耐久,次,500,500,否,一致,
SPEC-003,某自主品牌新势力（项目代号E1）,前大灯总成（矩阵式LED）,造车新势力，强调低功耗和智能功能,ENV-09,耐振动(随机),环境耐久,Grms,5.0,5.0,否,一致,
SPEC-003,某自主品牌新势力（项目代号E1）,前大灯总成（矩阵式LED）,造车新势力，强调低功耗和智能功能,ENV-10,紫外线老化,环境耐久,h,2000,2000,否,一致,
SPEC-003,某自主品牌新势力（项目代号E1）,前大灯总成（矩阵式LED）,造车新势力，强调低功耗和智能功能,MEC-01,灯罩冲击强度,机械性能,J,15,15,否,一致,
SPEC-003,某自主品牌新势力（项目代号E1）,前大灯总成（矩阵式LED）,造车新势力，强调低功耗和智能功能,MEC-02,壳体弯曲刚度,机械性能,N/mm,50,50,否,一致,
SPEC-003,某自主品牌新势力（项目代号E1）,前大灯总成（矩阵式LED）,造车新势力，强调低功耗和智能功能,MEC-03,安装点拔出力,机械性能,N,300,300,否,一致,
SPEC-003,某自主品牌新势力（项目代号E1）,前大灯总成（矩阵式LED）,造车新势力，强调低功耗和智能功能,MEC-04,连接器插拔力,机械性能,N,80,80,否,一致,
SPEC-003,某自主品牌新势力（项目代号E1）,前大灯总成（矩阵式LED）,造车新势力，强调低功耗和智能功能,MEC-05,调节电机寿命,机械性能,万次,5,5,否,一致,
SPEC-003,某自主品牌新势力（项目代号E1）,前大灯总成（矩阵式LED）,造车新势力，强调低功耗和智能功能,MEC-06,整灯重量上限,机械性能,kg,2.5,3.5,是,高于,客户要求≤2.5kg，内部为3.5kg
SPEC-003,某自主品牌新势力（项目代号E1）,前大灯总成（矩阵式LED）,造车新势力，强调低功耗和智能功能,MEC-07,跌落试验高度,机械性能,cm,60,60,否,一致,
SPEC-003,某自主品牌新势力（项目代号E1）,前大灯总成（矩阵式LED）,造车新势力，强调低功耗和智能功能,MEC-08,紧固件扭矩,机械性能,N·m,8,8,否,一致,
SPEC-003,某自主品牌新势力（项目代号E1）,前大灯总成（矩阵式LED）,造车新势力，强调低功耗和智能功能,EMC-01,静电放电(接触),EMC电磁兼容,kV,±4,±4,否,一致,
SPEC-003,某自主品牌新势力（项目代号E1）,前大灯总成（矩阵式LED）,造车新势力，强调低功耗和智能功能,EMC-02,静电放电(空气),EMC电磁兼容,kV,±8,±8,否,一致,
SPEC-003,某自主品牌新势力（项目代号E1）,前大灯总成（矩阵式LED）,造车新势力，强调低功耗和智能功能,EMC-03,传导骚扰限值,EMC电磁兼容,等级,Class 3,Class 3,否,一致,
SPEC-003,某自主品牌新势力（项目代号E1）,前大灯总成（矩阵式LED）,造车新势力，强调低功耗和智能功能,EMC-04,辐射骚扰限值,EMC电磁兼容,等级,Class 3,Class 3,否,一致,
SPEC-003,某自主品牌新势力（项目代号E1）,前大灯总成（矩阵式LED）,造车新势力，强调低功耗和智能功能,EMC-05,电源瞬态抗扰度,EMC电磁兼容,等级,Level 3,Level 3,否,一致,
SPEC-003,某自主品牌新势力（项目代号E1）,前大灯总成（矩阵式LED）,造车新势力，强调低功耗和智能功能,REG-01,中国CCC认证,法规认证,要求,必须,必须,否,一致,
SPEC-003,某自主品牌新势力（项目代号E1）,前大灯总成（矩阵式LED）,造车新势力，强调低功耗和智能功能,REG-02,欧洲ECE R149,法规认证,要求,必须,必须,否,一致,
SPEC-003,某自主品牌新势力（项目代号E1）,前大灯总成（矩阵式LED）,造车新势力，强调低功耗和智能功能,REG-03,美国SAE J1383,法规认证,要求,可选,可选,否,一致,
SPEC-003,某自主品牌新势力（项目代号E1）,前大灯总成（矩阵式LED）,造车新势力，强调低功耗和智能功能,REG-04,功能安全ASIL等级,法规认证,等级,ASIL D,ASIL B,是,高于,客户要求ASIL D，内部仅ASIL B
SPEC-003,某自主品牌新势力（项目代号E1）,前大灯总成（矩阵式LED）,造车新势力，强调低功耗和智能功能,REG-05,网络安全要求,法规认证,要求,ISO 21434 Level 4,ISO 21434,是,高于,客户要求Level 4最高级别
SPEC-003,某自主品牌新势力（项目代号E1）,前大灯总成（矩阵式LED）,造车新势力，强调低功耗和智能功能,REL-01,设计寿命,可靠性,h,10000,10000,否,一致,
SPEC-003,某自主品牌新势力（项目代号E1）,前大灯总成（矩阵式LED）,造车新势力，强调低功耗和智能功能,REL-02,LED光衰标准(L70),可靠性,h,8000,8000,否,一致,
SPEC-003,某自主品牌新势力（项目代号E1）,前大灯总成（矩阵式LED）,造车新势力，强调低功耗和智能功能,REL-03,PCBA MTBF,可靠性,h,50000,50000,否,一致,
SPEC-003,某自主品牌新势力（项目代号E1）,前大灯总成（矩阵式LED）,造车新势力，强调低功耗和智能功能,REL-04,调光电机耐久,可靠性,万次,10,10,否,一致,
SPEC-003,某自主品牌新势力（项目代号E1）,前大灯总成（矩阵式LED）,造车新势力，强调低功耗和智能功能,REL-05,整车质保期,可靠性,年,3,3,否,一致,
SPEC-004,某美系品牌（项目代号A1）,前大灯总成（卤素升级LED）,美系品牌，部分环境耐久要求较宽松,OPT-01,近光光通量,光学性能,lm,1200,1200,否,一致,
SPEC-004,某美系品牌（项目代号A1）,前大灯总成（卤素升级LED）,美系品牌，部分环境耐久要求较宽松,OPT-02,远光光通量,光学性能,lm,1800,1800,否,一致,
SPEC-004,某美系品牌（项目代号A1）,前大灯总成（卤素升级LED）,美系品牌，部分环境耐久要求较宽松,OPT-03,近光中心照度,光学性能,lx@25m,45,45,否,一致,
SPEC-004,某美系品牌（项目代号A1）,前大灯总成（卤素升级LED）,美系品牌，部分环境耐久要求较宽松,OPT-04,远光中心照度,光学性能,lx@25m,120,120,否,一致,
SPEC-004,某美系品牌（项目代号A1）,前大灯总成（卤素升级LED）,美系品牌，部分环境耐久要求较宽松,OPT-05,近光截止线清晰度,光学性能,%,80,85,是,低于,客户要求截止线80%，内部为85%
SPEC-004,某美系品牌（项目代号A1）,前大灯总成（卤素升级LED）,美系品牌，部分环境耐久要求较宽松,OPT-06,近光截止线水平偏移,光学性能,°,0.5,0.5,否,一致,
SPEC-004,某美系品牌（项目代号A1）,前大灯总成（卤素升级LED）,美系品牌，部分环境耐久要求较宽松,OPT-07,色温范围,光学性能,K,5500-6500,5500-6500,否,一致,
SPEC-004,某美系品牌（项目代号A1）,前大灯总成（卤素升级LED）,美系品牌，部分环境耐久要求较宽松,OPT-08,日行灯亮度,光学性能,cd,300,300,否,一致,
SPEC-004,某美系品牌（项目代号A1）,前大灯总成（卤素升级LED）,美系品牌，部分环境耐久要求较宽松,OPT-09,转向灯亮度,光学性能,cd,150,150,否,一致,
SPEC-004,某美系品牌（项目代号A1）,前大灯总成（卤素升级LED）,美系品牌，部分环境耐久要求较宽松,OPT-10,光型均匀度,光学性能,%,75,75,否,一致,
SPEC-004,某美系品牌（项目代号A1）,前大灯总成（卤素升级LED）,美系品牌，部分环境耐久要求较宽松,ELE-01,额定工作电压,电气性能,V,12,12,否,一致,
SPEC-004,某美系品牌（项目代号A1）,前大灯总成（卤素升级LED）,美系品牌，部分环境耐久要求较宽松,ELE-02,工作电压范围,电气性能,V,9-16,9-16,否,一致,
SPEC-004,某美系品牌（项目代号A1）,前大灯总成（卤素升级LED）,美系品牌，部分环境耐久要求较宽松,ELE-03,近光功耗,电气性能,W,35,35,否,一致,
SPEC-004,某美系品牌（项目代号A1）,前大灯总成（卤素升级LED）,美系品牌，部分环境耐久要求较宽松,ELE-04,远光功耗,电气性能,W,55,55,否,一致,
SPEC-004,某美系品牌（项目代号A1）,前大灯总成（卤素升级LED）,美系品牌，部分环境耐久要求较宽松,ELE-05,待机功耗,电气性能,mA,2,2,否,一致,
SPEC-004,某美系品牌（项目代号A1）,前大灯总成（卤素升级LED）,美系品牌，部分环境耐久要求较宽松,ELE-06,浪涌电流,电气性能,A,15,15,否,一致,
SPEC-004,某美系品牌（项目代号A1）,前大灯总成（卤素升级LED）,美系品牌，部分环境耐久要求较宽松,ELE-07,CAN通信速率,电气性能,kbps,500,500,否,一致,
SPEC-004,某美系品牌（项目代号A1）,前大灯总成（卤素升级LED）,美系品牌，部分环境耐久要求较宽松,ELE-08,LIN通信速率,电气性能,kbps,19.2,19.2,否,一致,
SPEC-004,某美系品牌（项目代号A1）,前大灯总成（卤素升级LED）,美系品牌，部分环境耐久要求较宽松,ENV-01,最低工作温度,环境耐久,°C,-40,-40,否,一致,
SPEC-004,某美系品牌（项目代号A1）,前大灯总成（卤素升级LED）,美系品牌，部分环境耐久要求较宽松,ENV-02,最高工作温度,环境耐久,°C,85,85,否,一致,
SPEC-004,某美系品牌（项目代号A1）,前大灯总成（卤素升级LED）,美系品牌，部分环境耐久要求较宽松,ENV-03,存储温度下限,环境耐久,°C,-40,-40,否,一致,
SPEC-004,某美系品牌（项目代号A1）,前大灯总成（卤素升级LED）,美系品牌，部分环境耐久要求较宽松,ENV-04,存储温度上限,环境耐久,°C,105,105,否,一致,
SPEC-004,某美系品牌（项目代号A1）,前大灯总成（卤素升级LED）,美系品牌，部分环境耐久要求较宽松,ENV-05,防护等级,环境耐久,IP等级,IP67,IP67,否,一致,
SPEC-004,某美系品牌（项目代号A1）,前大灯总成（卤素升级LED）,美系品牌，部分环境耐久要求较宽松,ENV-06,盐雾试验,环境耐久,h,480,720,是,低于,客户要求480h盐雾，内部为720h（客户要求更低）
SPEC-004,某美系品牌（项目代号A1）,前大灯总成（卤素升级LED）,美系品牌，部分环境耐久要求较宽松,ENV-07,高温高湿试验,环境耐久,h,1000,1000,否,一致,
SPEC-004,某美系品牌（项目代号A1）,前大灯总成（卤素升级LED）,美系品牌，部分环境耐久要求较宽松,ENV-08,温度循环次数,环境耐久,次,500,500,否,一致,
SPEC-004,某美系品牌（项目代号A1）,前大灯总成（卤素升级LED）,美系品牌，部分环境耐久要求较宽松,ENV-09,耐振动(随机),环境耐久,Grms,3.0,5.0,是,低于,客户要求3Grms振动，内部为5Grms
SPEC-004,某美系品牌（项目代号A1）,前大灯总成（卤素升级LED）,美系品牌，部分环境耐久要求较宽松,ENV-10,紫外线老化,环境耐久,h,1500,2000,是,低于,客户要求1500h紫外，内部为2000h
SPEC-004,某美系品牌（项目代号A1）,前大灯总成（卤素升级LED）,美系品牌，部分环境耐久要求较宽松,MEC-01,灯罩冲击强度,机械性能,J,15,15,否,一致,
SPEC-004,某美系品牌（项目代号A1）,前大灯总成（卤素升级LED）,美系品牌，部分环境耐久要求较宽松,MEC-02,壳体弯曲刚度,机械性能,N/mm,50,50,否,一致,
SPEC-004,某美系品牌（项目代号A1）,前大灯总成（卤素升级LED）,美系品牌，部分环境耐久要求较宽松,MEC-03,安装点拔出力,机械性能,N,300,300,否,一致,
SPEC-004,某美系品牌（项目代号A1）,前大灯总成（卤素升级LED）,美系品牌，部分环境耐久要求较宽松,MEC-04,连接器插拔力,机械性能,N,80,80,否,一致,
SPEC-004,某美系品牌（项目代号A1）,前大灯总成（卤素升级LED）,美系品牌，部分环境耐久要求较宽松,MEC-05,调节电机寿命,机械性能,万次,5,5,否,一致,
SPEC-004,某美系品牌（项目代号A1）,前大灯总成（卤素升级LED）,美系品牌，部分环境耐久要求较宽松,MEC-06,整灯重量上限,机械性能,kg,4.0,3.5,是,低于,客户要求≤4.0kg，内部为3.5kg（更宽松）
SPEC-004,某美系品牌（项目代号A1）,前大灯总成（卤素升级LED）,美系品牌，部分环境耐久要求较宽松,MEC-07,跌落试验高度,机械性能,cm,60,60,否,一致,
SPEC-004,某美系品牌（项目代号A1）,前大灯总成（卤素升级LED）,美系品牌，部分环境耐久要求较宽松,MEC-08,紧固件扭矩,机械性能,N·m,8,8,否,一致,
SPEC-004,某美系品牌（项目代号A1）,前大灯总成（卤素升级LED）,美系品牌，部分环境耐久要求较宽松,EMC-01,静电放电(接触),EMC电磁兼容,kV,±4,±4,否,一致,
SPEC-004,某美系品牌（项目代号A1）,前大灯总成（卤素升级LED）,美系品牌，部分环境耐久要求较宽松,EMC-02,静电放电(空气),EMC电磁兼容,kV,±8,±8,否,一致,
SPEC-004,某美系品牌（项目代号A1）,前大灯总成（卤素升级LED）,美系品牌，部分环境耐久要求较宽松,EMC-03,传导骚扰限值,EMC电磁兼容,等级,Class 2,Class 3,是,低于,客户要求Class 2，内部为Class 3
SPEC-004,某美系品牌（项目代号A1）,前大灯总成（卤素升级LED）,美系品牌，部分环境耐久要求较宽松,EMC-04,辐射骚扰限值,EMC电磁兼容,等级,Class 3,Class 3,否,一致,
SPEC-004,某美系品牌（项目代号A1）,前大灯总成（卤素升级LED）,美系品牌，部分环境耐久要求较宽松,EMC-05,电源瞬态抗扰度,EMC电磁兼容,等级,Level 3,Level 3,否,一致,
SPEC-004,某美系品牌（项目代号A1）,前大灯总成（卤素升级LED）,美系品牌，部分环境耐久要求较宽松,REG-01,中国CCC认证,法规认证,要求,不要求,必须,是,不同,客户不要求CCC认证（美标产品）
SPEC-004,某美系品牌（项目代号A1）,前大灯总成（卤素升级LED）,美系品牌，部分环境耐久要求较宽松,REG-02,欧洲ECE R149,法规认证,要求,不要求,必须,是,不同,客户不要求ECE（使用SAE标准）
SPEC-004,某美系品牌（项目代号A1）,前大灯总成（卤素升级LED）,美系品牌，部分环境耐久要求较宽松,REG-03,美国SAE J1383,法规认证,要求,必须,可选,是,高于,客户要求SAE必须，内部为可选
SPEC-004,某美系品牌（项目代号A1）,前大灯总成（卤素升级LED）,美系品牌，部分环境耐久要求较宽松,REG-04,功能安全ASIL等级,法规认证,等级,ASIL B,ASIL B,否,一致,
SPEC-004,某美系品牌（项目代号A1）,前大灯总成（卤素升级LED）,美系品牌，部分环境耐久要求较宽松,REG-05,网络安全要求,法规认证,要求,ISO 21434,ISO 21434,否,一致,
SPEC-004,某美系品牌（项目代号A1）,前大灯总成（卤素升级LED）,美系品牌，部分环境耐久要求较宽松,REL-01,设计寿命,可靠性,h,8000,10000,是,低于,客户要求8000h寿命，内部为10000h
SPEC-004,某美系品牌（项目代号A1）,前大灯总成（卤素升级LED）,美系品牌，部分环境耐久要求较宽松,REL-02,LED光衰标准(L70),可靠性,h,8000,8000,否,一致,
SPEC-004,某美系品牌（项目代号A1）,前大灯总成（卤素升级LED）,美系品牌，部分环境耐久要求较宽松,REL-03,PCBA MTBF,可靠性,h,50000,50000,否,一致,
SPEC-004,某美系品牌（项目代号A1）,前大灯总成（卤素升级LED）,美系品牌，部分环境耐久要求较宽松,REL-04,调光电机耐久,可靠性,万次,10,10,否,一致,
SPEC-004,某美系品牌（项目代号A1）,前大灯总成（卤素升级LED）,美系品牌，部分环境耐久要求较宽松,REL-05,整车质保期,可靠性,年,3,3,否,一致,
SPEC-005,某韩系品牌（项目代号K1）,尾灯总成（贯穿式LED尾灯）,韩系品牌，要求与内部基线接近,OPT-01,近光光通量,光学性能,lm,1300,1200,是,高于,客户要求1300lm，内部1200lm
SPEC-005,某韩系品牌（项目代号K1）,尾灯总成（贯穿式LED尾灯）,韩系品牌，要求与内部基线接近,OPT-02,远光光通量,光学性能,lm,1800,1800,否,一致,
SPEC-005,某韩系品牌（项目代号K1）,尾灯总成（贯穿式LED尾灯）,韩系品牌，要求与内部基线接近,OPT-03,近光中心照度,光学性能,lx@25m,45,45,否,一致,
SPEC-005,某韩系品牌（项目代号K1）,尾灯总成（贯穿式LED尾灯）,韩系品牌，要求与内部基线接近,OPT-04,远光中心照度,光学性能,lx@25m,120,120,否,一致,
SPEC-005,某韩系品牌（项目代号K1）,尾灯总成（贯穿式LED尾灯）,韩系品牌，要求与内部基线接近,OPT-05,近光截止线清晰度,光学性能,%,85,85,否,一致,
SPEC-005,某韩系品牌（项目代号K1）,尾灯总成（贯穿式LED尾灯）,韩系品牌，要求与内部基线接近,OPT-06,近光截止线水平偏移,光学性能,°,0.5,0.5,否,一致,
SPEC-005,某韩系品牌（项目代号K1）,尾灯总成（贯穿式LED尾灯）,韩系品牌，要求与内部基线接近,OPT-07,色温范围,光学性能,K,5500-6500,5500-6500,否,一致,
SPEC-005,某韩系品牌（项目代号K1）,尾灯总成（贯穿式LED尾灯）,韩系品牌，要求与内部基线接近,OPT-08,日行灯亮度,光学性能,cd,350,300,是,高于,客户要求DRL 350cd，内部300cd
SPEC-005,某韩系品牌（项目代号K1）,尾灯总成（贯穿式LED尾灯）,韩系品牌，要求与内部基线接近,OPT-09,转向灯亮度,光学性能,cd,150,150,否,一致,
SPEC-005,某韩系品牌（项目代号K1）,尾灯总成（贯穿式LED尾灯）,韩系品牌，要求与内部基线接近,OPT-10,光型均匀度,光学性能,%,75,75,否,一致,
SPEC-005,某韩系品牌（项目代号K1）,尾灯总成（贯穿式LED尾灯）,韩系品牌，要求与内部基线接近,ELE-01,额定工作电压,电气性能,V,12,12,否,一致,
SPEC-005,某韩系品牌（项目代号K1）,尾灯总成（贯穿式LED尾灯）,韩系品牌，要求与内部基线接近,ELE-02,工作电压范围,电气性能,V,9-16,9-16,否,一致,
SPEC-005,某韩系品牌（项目代号K1）,尾灯总成（贯穿式LED尾灯）,韩系品牌，要求与内部基线接近,ELE-03,近光功耗,电气性能,W,30,35,是,高于,客户要求近光≤30W，内部35W
SPEC-005,某韩系品牌（项目代号K1）,尾灯总成（贯穿式LED尾灯）,韩系品牌，要求与内部基线接近,ELE-04,远光功耗,电气性能,W,55,55,否,一致,
SPEC-005,某韩系品牌（项目代号K1）,尾灯总成（贯穿式LED尾灯）,韩系品牌，要求与内部基线接近,ELE-05,待机功耗,电气性能,mA,2,2,否,一致,
SPEC-005,某韩系品牌（项目代号K1）,尾灯总成（贯穿式LED尾灯）,韩系品牌，要求与内部基线接近,ELE-06,浪涌电流,电气性能,A,15,15,否,一致,
SPEC-005,某韩系品牌（项目代号K1）,尾灯总成（贯穿式LED尾灯）,韩系品牌，要求与内部基线接近,ELE-07,CAN通信速率,电气性能,kbps,500,500,否,一致,
SPEC-005,某韩系品牌（项目代号K1）,尾灯总成（贯穿式LED尾灯）,韩系品牌，要求与内部基线接近,ELE-08,LIN通信速率,电气性能,kbps,19.2,19.2,否,一致,
SPEC-005,某韩系品牌（项目代号K1）,尾灯总成（贯穿式LED尾灯）,韩系品牌，要求与内部基线接近,ENV-01,最低工作温度,环境耐久,°C,-40,-40,否,一致,
SPEC-005,某韩系品牌（项目代号K1）,尾灯总成（贯穿式LED尾灯）,韩系品牌，要求与内部基线接近,ENV-02,最高工作温度,环境耐久,°C,85,85,否,一致,
SPEC-005,某韩系品牌（项目代号K1）,尾灯总成（贯穿式LED尾灯）,韩系品牌，要求与内部基线接近,ENV-03,存储温度下限,环境耐久,°C,-40,-40,否,一致,
SPEC-005,某韩系品牌（项目代号K1）,尾灯总成（贯穿式LED尾灯）,韩系品牌，要求与内部基线接近,ENV-04,存储温度上限,环境耐久,°C,105,105,否,一致,
SPEC-005,某韩系品牌（项目代号K1）,尾灯总成（贯穿式LED尾灯）,韩系品牌，要求与内部基线接近,ENV-05,防护等级,环境耐久,IP等级,IP67,IP67,否,一致,
SPEC-005,某韩系品牌（项目代号K1）,尾灯总成（贯穿式LED尾灯）,韩系品牌，要求与内部基线接近,ENV-06,盐雾试验,环境耐久,h,800,720,是,高于,客户要求800h盐雾，内部720h
SPEC-005,某韩系品牌（项目代号K1）,尾灯总成（贯穿式LED尾灯）,韩系品牌，要求与内部基线接近,ENV-07,高温高湿试验,环境耐久,h,1200,1000,是,高于,客户要求1200h温湿，内部1000h
SPEC-005,某韩系品牌（项目代号K1）,尾灯总成（贯穿式LED尾灯）,韩系品牌，要求与内部基线接近,ENV-08,温度循环次数,环境耐久,次,500,500,否,一致,
SPEC-005,某韩系品牌（项目代号K1）,尾灯总成（贯穿式LED尾灯）,韩系品牌，要求与内部基线接近,ENV-09,耐振动(随机),环境耐久,Grms,5.0,5.0,否,一致,
SPEC-005,某韩系品牌（项目代号K1）,尾灯总成（贯穿式LED尾灯）,韩系品牌，要求与内部基线接近,ENV-10,紫外线老化,环境耐久,h,2000,2000,否,一致,
SPEC-005,某韩系品牌（项目代号K1）,尾灯总成（贯穿式LED尾灯）,韩系品牌，要求与内部基线接近,MEC-01,灯罩冲击强度,机械性能,J,18,15,是,高于,客户要求18J冲击，内部15J
SPEC-005,某韩系品牌（项目代号K1）,尾灯总成（贯穿式LED尾灯）,韩系品牌，要求与内部基线接近,MEC-02,壳体弯曲刚度,机械性能,N/mm,50,50,否,一致,
SPEC-005,某韩系品牌（项目代号K1）,尾灯总成（贯穿式LED尾灯）,韩系品牌，要求与内部基线接近,MEC-03,安装点拔出力,机械性能,N,300,300,否,一致,
SPEC-005,某韩系品牌（项目代号K1）,尾灯总成（贯穿式LED尾灯）,韩系品牌，要求与内部基线接近,MEC-04,连接器插拔力,机械性能,N,80,80,否,一致,
SPEC-005,某韩系品牌（项目代号K1）,尾灯总成（贯穿式LED尾灯）,韩系品牌，要求与内部基线接近,MEC-05,调节电机寿命,机械性能,万次,5,5,否,一致,
SPEC-005,某韩系品牌（项目代号K1）,尾灯总成（贯穿式LED尾灯）,韩系品牌，要求与内部基线接近,MEC-06,整灯重量上限,机械性能,kg,3.5,3.5,否,一致,
SPEC-005,某韩系品牌（项目代号K1）,尾灯总成（贯穿式LED尾灯）,韩系品牌，要求与内部基线接近,MEC-07,跌落试验高度,机械性能,cm,60,60,否,一致,
SPEC-005,某韩系品牌（项目代号K1）,尾灯总成（贯穿式LED尾灯）,韩系品牌，要求与内部基线接近,MEC-08,紧固件扭矩,机械性能,N·m,8,8,否,一致,
SPEC-005,某韩系品牌（项目代号K1）,尾灯总成（贯穿式LED尾灯）,韩系品牌，要求与内部基线接近,EMC-01,静电放电(接触),EMC电磁兼容,kV,±4,±4,否,一致,
SPEC-005,某韩系品牌（项目代号K1）,尾灯总成（贯穿式LED尾灯）,韩系品牌，要求与内部基线接近,EMC-02,静电放电(空气),EMC电磁兼容,kV,±8,±8,否,一致,
SPEC-005,某韩系品牌（项目代号K1）,尾灯总成（贯穿式LED尾灯）,韩系品牌，要求与内部基线接近,EMC-03,传导骚扰限值,EMC电磁兼容,等级,Class 3,Class 3,否,一致,
SPEC-005,某韩系品牌（项目代号K1）,尾灯总成（贯穿式LED尾灯）,韩系品牌，要求与内部基线接近,EMC-04,辐射骚扰限值,EMC电磁兼容,等级,Class 3,Class 3,否,一致,
SPEC-005,某韩系品牌（项目代号K1）,尾灯总成（贯穿式LED尾灯）,韩系品牌，要求与内部基线接近,EMC-05,电源瞬态抗扰度,EMC电磁兼容,等级,Level 3,Level 3,否,一致,
SPEC-005,某韩系品牌（项目代号K1）,尾灯总成（贯穿式LED尾灯）,韩系品牌，要求与内部基线接近,REG-01,中国CCC认证,法规认证,要求,必须,必须,否,一致,
SPEC-005,某韩系品牌（项目代号K1）,尾灯总成（贯穿式LED尾灯）,韩系品牌，要求与内部基线接近,REG-02,欧洲ECE R149,法规认证,要求,必须,必须,否,一致,
SPEC-005,某韩系品牌（项目代号K1）,尾灯总成（贯穿式LED尾灯）,韩系品牌，要求与内部基线接近,REG-03,美国SAE J1383,法规认证,要求,可选,可选,否,一致,
SPEC-005,某韩系品牌（项目代号K1）,尾灯总成（贯穿式LED尾灯）,韩系品牌，要求与内部基线接近,REG-04,功能安全ASIL等级,法规认证,等级,ASIL B,ASIL B,否,一致,
SPEC-005,某韩系品牌（项目代号K1）,尾灯总成（贯穿式LED尾灯）,韩系品牌，要求与内部基线接近,REG-05,网络安全要求,法规认证,要求,ISO 21434,ISO 21434,否,一致,
SPEC-005,某韩系品牌（项目代号K1）,尾灯总成（贯穿式LED尾灯）,韩系品牌，要求与内部基线接近,REL-01,设计寿命,可靠性,h,10000,10000,否,一致,
SPEC-005,某韩系品牌（项目代号K1）,尾灯总成（贯穿式LED尾灯）,韩系品牌，要求与内部基线接近,REL-02,LED光衰标准(L70),可靠性,h,8000,8000,否,一致,
SPEC-005,某韩系品牌（项目代号K1）,尾灯总成（贯穿式LED尾灯）,韩系品牌，要求与内部基线接近,REL-03,PCBA MTBF,可靠性,h,50000,50000,否,一致,
SPEC-005,某韩系品牌（项目代号K1）,尾灯总成（贯穿式LED尾灯）,韩系品牌，要求与内部基线接近,REL-04,调光电机耐久,可靠性,万次,10,10,否,一致,
SPEC-005,某韩系品牌（项目代号K1）,尾灯总成（贯穿式LED尾灯）,韩系品牌，要求与内部基线接近,REL-05,整车质保期,可靠性,年,5,3,是,高于,客户要求5年质保，内部3年
SPEC-006,某欧洲商用车品牌（项目代号T1）,前大灯总成（商用车长寿命型）,欧洲商用车品牌，强调超长寿命和高振动耐受,OPT-01,近光光通量,光学性能,lm,1200,1200,否,一致,
SPEC-006,某欧洲商用车品牌（项目代号T1）,前大灯总成（商用车长寿命型）,欧洲商用车品牌，强调超长寿命和高振动耐受,OPT-02,远光光通量,光学性能,lm,1800,1800,否,一致,
SPEC-006,某欧洲商用车品牌（项目代号T1）,前大灯总成（商用车长寿命型）,欧洲商用车品牌，强调超长寿命和高振动耐受,OPT-03,近光中心照度,光学性能,lx@25m,45,45,否,一致,
SPEC-006,某欧洲商用车品牌（项目代号T1）,前大灯总成（商用车长寿命型）,欧洲商用车品牌，强调超长寿命和高振动耐受,OPT-04,远光中心照度,光学性能,lx@25m,120,120,否,一致,
SPEC-006,某欧洲商用车品牌（项目代号T1）,前大灯总成（商用车长寿命型）,欧洲商用车品牌，强调超长寿命和高振动耐受,OPT-05,近光截止线清晰度,光学性能,%,85,85,否,一致,
SPEC-006,某欧洲商用车品牌（项目代号T1）,前大灯总成（商用车长寿命型）,欧洲商用车品牌，强调超长寿命和高振动耐受,OPT-06,近光截止线水平偏移,光学性能,°,0.5,0.5,否,一致,
SPEC-006,某欧洲商用车品牌（项目代号T1）,前大灯总成（商用车长寿命型）,欧洲商用车品牌，强调超长寿命和高振动耐受,OPT-07,色温范围,光学性能,K,5500-6500,5500-6500,否,一致,
SPEC-006,某欧洲商用车品牌（项目代号T1）,前大灯总成（商用车长寿命型）,欧洲商用车品牌，强调超长寿命和高振动耐受,OPT-08,日行灯亮度,光学性能,cd,300,300,否,一致,
SPEC-006,某欧洲商用车品牌（项目代号T1）,前大灯总成（商用车长寿命型）,欧洲商用车品牌，强调超长寿命和高振动耐受,OPT-09,转向灯亮度,光学性能,cd,150,150,否,一致,
SPEC-006,某欧洲商用车品牌（项目代号T1）,前大灯总成（商用车长寿命型）,欧洲商用车品牌，强调超长寿命和高振动耐受,OPT-10,光型均匀度,光学性能,%,75,75,否,一致,
SPEC-006,某欧洲商用车品牌（项目代号T1）,前大灯总成（商用车长寿命型）,欧洲商用车品牌，强调超长寿命和高振动耐受,ELE-01,额定工作电压,电气性能,V,24,12,是,不同,客户要求24V系统，内部为12V
SPEC-006,某欧洲商用车品牌（项目代号T1）,前大灯总成（商用车长寿命型）,欧洲商用车品牌，强调超长寿命和高振动耐受,ELE-02,工作电压范围,电气性能,V,18-32,9-16,是,不同,客户要求18-32V，内部9-16V
SPEC-006,某欧洲商用车品牌（项目代号T1）,前大灯总成（商用车长寿命型）,欧洲商用车品牌，强调超长寿命和高振动耐受,ELE-03,近光功耗,电气性能,W,35,35,否,一致,
SPEC-006,某欧洲商用车品牌（项目代号T1）,前大灯总成（商用车长寿命型）,欧洲商用车品牌，强调超长寿命和高振动耐受,ELE-04,远光功耗,电气性能,W,55,55,否,一致,
SPEC-006,某欧洲商用车品牌（项目代号T1）,前大灯总成（商用车长寿命型）,欧洲商用车品牌，强调超长寿命和高振动耐受,ELE-05,待机功耗,电气性能,mA,2,2,否,一致,
SPEC-006,某欧洲商用车品牌（项目代号T1）,前大灯总成（商用车长寿命型）,欧洲商用车品牌，强调超长寿命和高振动耐受,ELE-06,浪涌电流,电气性能,A,15,15,否,一致,
SPEC-006,某欧洲商用车品牌（项目代号T1）,前大灯总成（商用车长寿命型）,欧洲商用车品牌，强调超长寿命和高振动耐受,ELE-07,CAN通信速率,电气性能,kbps,500,500,否,一致,
SPEC-006,某欧洲商用车品牌（项目代号T1）,前大灯总成（商用车长寿命型）,欧洲商用车品牌，强调超长寿命和高振动耐受,ELE-08,LIN通信速率,电气性能,kbps,19.2,19.2,否,一致,
SPEC-006,某欧洲商用车品牌（项目代号T1）,前大灯总成（商用车长寿命型）,欧洲商用车品牌，强调超长寿命和高振动耐受,ENV-01,最低工作温度,环境耐久,°C,-50,-40,是,高于,客户要求-50°C低温，内部-40°C
SPEC-006,某欧洲商用车品牌（项目代号T1）,前大灯总成（商用车长寿命型）,欧洲商用车品牌，强调超长寿命和高振动耐受,ENV-02,最高工作温度,环境耐久,°C,100,85,是,高于,客户要求100°C高温，内部85°C
SPEC-006,某欧洲商用车品牌（项目代号T1）,前大灯总成（商用车长寿命型）,欧洲商用车品牌，强调超长寿命和高振动耐受,ENV-03,存储温度下限,环境耐久,°C,-40,-40,否,一致,
SPEC-006,某欧洲商用车品牌（项目代号T1）,前大灯总成（商用车长寿命型）,欧洲商用车品牌，强调超长寿命和高振动耐受,ENV-04,存储温度上限,环境耐久,°C,105,105,否,一致,
SPEC-006,某欧洲商用车品牌（项目代号T1）,前大灯总成（商用车长寿命型）,欧洲商用车品牌，强调超长寿命和高振动耐受,ENV-05,防护等级,环境耐久,IP等级,IP67,IP67,否,一致,
SPEC-006,某欧洲商用车品牌（项目代号T1）,前大灯总成（商用车长寿命型）,欧洲商用车品牌，强调超长寿命和高振动耐受,ENV-06,盐雾试验,环境耐久,h,2000,720,是,高于,客户要求2000h盐雾，内部720h
SPEC-006,某欧洲商用车品牌（项目代号T1）,前大灯总成（商用车长寿命型）,欧洲商用车品牌，强调超长寿命和高振动耐受,ENV-07,高温高湿试验,环境耐久,h,3000,1000,是,高于,客户要求3000h温湿，内部1000h
SPEC-006,某欧洲商用车品牌（项目代号T1）,前大灯总成（商用车长寿命型）,欧洲商用车品牌，强调超长寿命和高振动耐受,ENV-08,温度循环次数,环境耐久,次,2000,500,是,高于,客户要求2000次温循，内部500次
SPEC-006,某欧洲商用车品牌（项目代号T1）,前大灯总成（商用车长寿命型）,欧洲商用车品牌，强调超长寿命和高振动耐受,ENV-09,耐振动(随机),环境耐久,Grms,12.0,5.0,是,高于,客户要求12Grms振动，内部5Grms
SPEC-006,某欧洲商用车品牌（项目代号T1）,前大灯总成（商用车长寿命型）,欧洲商用车品牌，强调超长寿命和高振动耐受,ENV-10,紫外线老化,环境耐久,h,2000,2000,否,一致,
SPEC-006,某欧洲商用车品牌（项目代号T1）,前大灯总成（商用车长寿命型）,欧洲商用车品牌，强调超长寿命和高振动耐受,MEC-01,灯罩冲击强度,机械性能,J,15,15,否,一致,
SPEC-006,某欧洲商用车品牌（项目代号T1）,前大灯总成（商用车长寿命型）,欧洲商用车品牌，强调超长寿命和高振动耐受,MEC-02,壳体弯曲刚度,机械性能,N/mm,50,50,否,一致,
SPEC-006,某欧洲商用车品牌（项目代号T1）,前大灯总成（商用车长寿命型）,欧洲商用车品牌，强调超长寿命和高振动耐受,MEC-03,安装点拔出力,机械性能,N,500,300,是,高于,客户要求500N拔出力，内部300N
SPEC-006,某欧洲商用车品牌（项目代号T1）,前大灯总成（商用车长寿命型）,欧洲商用车品牌，强调超长寿命和高振动耐受,MEC-04,连接器插拔力,机械性能,N,80,80,否,一致,
SPEC-006,某欧洲商用车品牌（项目代号T1）,前大灯总成（商用车长寿命型）,欧洲商用车品牌，强调超长寿命和高振动耐受,MEC-05,调节电机寿命,机械性能,万次,5,5,否,一致,
SPEC-006,某欧洲商用车品牌（项目代号T1）,前大灯总成（商用车长寿命型）,欧洲商用车品牌，强调超长寿命和高振动耐受,MEC-06,整灯重量上限,机械性能,kg,5.0,3.5,是,低于,商用车允许≤5.0kg（内部3.5kg）
SPEC-006,某欧洲商用车品牌（项目代号T1）,前大灯总成（商用车长寿命型）,欧洲商用车品牌，强调超长寿命和高振动耐受,MEC-07,跌落试验高度,机械性能,cm,60,60,否,一致,
SPEC-006,某欧洲商用车品牌（项目代号T1）,前大灯总成（商用车长寿命型）,欧洲商用车品牌，强调超长寿命和高振动耐受,MEC-08,紧固件扭矩,机械性能,N·m,8,8,否,一致,
SPEC-006,某欧洲商用车品牌（项目代号T1）,前大灯总成（商用车长寿命型）,欧洲商用车品牌，强调超长寿命和高振动耐受,EMC-01,静电放电(接触),EMC电磁兼容,kV,±4,±4,否,一致,
SPEC-006,某欧洲商用车品牌（项目代号T1）,前大灯总成（商用车长寿命型）,欧洲商用车品牌，强调超长寿命和高振动耐受,EMC-02,静电放电(空气),EMC电磁兼容,kV,±8,±8,否,一致,
SPEC-006,某欧洲商用车品牌（项目代号T1）,前大灯总成（商用车长寿命型）,欧洲商用车品牌，强调超长寿命和高振动耐受,EMC-03,传导骚扰限值,EMC电磁兼容,等级,Class 3,Class 3,否,一致,
SPEC-006,某欧洲商用车品牌（项目代号T1）,前大灯总成（商用车长寿命型）,欧洲商用车品牌，强调超长寿命和高振动耐受,EMC-04,辐射骚扰限值,EMC电磁兼容,等级,Class 3,Class 3,否,一致,
SPEC-006,某欧洲商用车品牌（项目代号T1）,前大灯总成（商用车长寿命型）,欧洲商用车品牌，强调超长寿命和高振动耐受,EMC-05,电源瞬态抗扰度,EMC电磁兼容,等级,Level 3,Level 3,否,一致,
SPEC-006,某欧洲商用车品牌（项目代号T1）,前大灯总成（商用车长寿命型）,欧洲商用车品牌，强调超长寿命和高振动耐受,REG-01,中国CCC认证,法规认证,要求,必须,必须,否,一致,
SPEC-006,某欧洲商用车品牌（项目代号T1）,前大灯总成（商用车长寿命型）,欧洲商用车品牌，强调超长寿命和高振动耐受,REG-02,欧洲ECE R149,法规认证,要求,必须,必须,否,一致,
SPEC-006,某欧洲商用车品牌（项目代号T1）,前大灯总成（商用车长寿命型）,欧洲商用车品牌，强调超长寿命和高振动耐受,REG-03,美国SAE J1383,法规认证,要求,可选,可选,否,一致,
SPEC-006,某欧洲商用车品牌（项目代号T1）,前大灯总成（商用车长寿命型）,欧洲商用车品牌，强调超长寿命和高振动耐受,REG-04,功能安全ASIL等级,法规认证,等级,ASIL B,ASIL B,否,一致,
SPEC-006,某欧洲商用车品牌（项目代号T1）,前大灯总成（商用车长寿命型）,欧洲商用车品牌，强调超长寿命和高振动耐受,REG-05,网络安全要求,法规认证,要求,ISO 21434,ISO 21434,否,一致,
SPEC-006,某欧洲商用车品牌（项目代号T1）,前大灯总成（商用车长寿命型）,欧洲商用车品牌，强调超长寿命和高振动耐受,REL-01,设计寿命,可靠性,h,30000,10000,是,高于,客户要求30000h寿命，内部10000h
SPEC-006,某欧洲商用车品牌（项目代号T1）,前大灯总成（商用车长寿命型）,欧洲商用车品牌，强调超长寿命和高振动耐受,REL-02,LED光衰标准(L70),可靠性,h,20000,8000,是,高于,客户要求L70达20000h，内部8000h
SPEC-006,某欧洲商用车品牌（项目代号T1）,前大灯总成（商用车长寿命型）,欧洲商用车品牌，强调超长寿命和高振动耐受,REL-03,PCBA MTBF,可靠性,h,150000,50000,是,高于,客户要求150000h MTBF，内部50000h
SPEC-006,某欧洲商用车品牌（项目代号T1）,前大灯总成（商用车长寿命型）,欧洲商用车品牌，强调超长寿命和高振动耐受,REL-04,调光电机耐久,可靠性,万次,30,10,是,高于,客户要求调光电机30万次，内部10万次
SPEC-006,某欧洲商用车品牌（项目代号T1）,前大灯总成（商用车长寿命型）,欧洲商用车品牌，强调超长寿命和高振动耐受,REL-05,整车质保期,可靠性,年,3,3,否,一致,
SPEC-007,某自主品牌传统车企（项目代号C1）,前大灯总成（LED远近光一体）,国内传统车企，成本敏感，部分参数要求低于基线,OPT-01,近光光通量,光学性能,lm,1200,1200,否,一致,
SPEC-007,某自主品牌传统车企（项目代号C1）,前大灯总成（LED远近光一体）,国内传统车企，成本敏感，部分参数要求低于基线,OPT-02,远光光通量,光学性能,lm,1800,1800,否,一致,
SPEC-007,某自主品牌传统车企（项目代号C1）,前大灯总成（LED远近光一体）,国内传统车企，成本敏感，部分参数要求低于基线,OPT-03,近光中心照度,光学性能,lx@25m,45,45,否,一致,
SPEC-007,某自主品牌传统车企（项目代号C1）,前大灯总成（LED远近光一体）,国内传统车企，成本敏感，部分参数要求低于基线,OPT-04,远光中心照度,光学性能,lx@25m,120,120,否,一致,
SPEC-007,某自主品牌传统车企（项目代号C1）,前大灯总成（LED远近光一体）,国内传统车企，成本敏感，部分参数要求低于基线,OPT-05,近光截止线清晰度,光学性能,%,80,85,是,低于,客户要求80%截止线，低于内部85%
SPEC-007,某自主品牌传统车企（项目代号C1）,前大灯总成（LED远近光一体）,国内传统车企，成本敏感，部分参数要求低于基线,OPT-06,近光截止线水平偏移,光学性能,°,0.5,0.5,否,一致,
SPEC-007,某自主品牌传统车企（项目代号C1）,前大灯总成（LED远近光一体）,国内传统车企，成本敏感，部分参数要求低于基线,OPT-07,色温范围,光学性能,K,5500-6500,5500-6500,否,一致,
SPEC-007,某自主品牌传统车企（项目代号C1）,前大灯总成（LED远近光一体）,国内传统车企，成本敏感，部分参数要求低于基线,OPT-08,日行灯亮度,光学性能,cd,300,300,否,一致,
SPEC-007,某自主品牌传统车企（项目代号C1）,前大灯总成（LED远近光一体）,国内传统车企，成本敏感，部分参数要求低于基线,OPT-09,转向灯亮度,光学性能,cd,150,150,否,一致,
SPEC-007,某自主品牌传统车企（项目代号C1）,前大灯总成（LED远近光一体）,国内传统车企，成本敏感，部分参数要求低于基线,OPT-10,光型均匀度,光学性能,%,75,75,否,一致,
SPEC-007,某自主品牌传统车企（项目代号C1）,前大灯总成（LED远近光一体）,国内传统车企，成本敏感，部分参数要求低于基线,ELE-01,额定工作电压,电气性能,V,12,12,否,一致,
SPEC-007,某自主品牌传统车企（项目代号C1）,前大灯总成（LED远近光一体）,国内传统车企，成本敏感，部分参数要求低于基线,ELE-02,工作电压范围,电气性能,V,9-16,9-16,否,一致,
SPEC-007,某自主品牌传统车企（项目代号C1）,前大灯总成（LED远近光一体）,国内传统车企，成本敏感，部分参数要求低于基线,ELE-03,近光功耗,电气性能,W,35,35,否,一致,
SPEC-007,某自主品牌传统车企（项目代号C1）,前大灯总成（LED远近光一体）,国内传统车企，成本敏感，部分参数要求低于基线,ELE-04,远光功耗,电气性能,W,55,55,否,一致,
SPEC-007,某自主品牌传统车企（项目代号C1）,前大灯总成（LED远近光一体）,国内传统车企，成本敏感，部分参数要求低于基线,ELE-05,待机功耗,电气性能,mA,2,2,否,一致,
SPEC-007,某自主品牌传统车企（项目代号C1）,前大灯总成（LED远近光一体）,国内传统车企，成本敏感，部分参数要求低于基线,ELE-06,浪涌电流,电气性能,A,15,15,否,一致,
SPEC-007,某自主品牌传统车企（项目代号C1）,前大灯总成（LED远近光一体）,国内传统车企，成本敏感，部分参数要求低于基线,ELE-07,CAN通信速率,电气性能,kbps,500,500,否,一致,
SPEC-007,某自主品牌传统车企（项目代号C1）,前大灯总成（LED远近光一体）,国内传统车企，成本敏感，部分参数要求低于基线,ELE-08,LIN通信速率,电气性能,kbps,19.2,19.2,否,一致,
SPEC-007,某自主品牌传统车企（项目代号C1）,前大灯总成（LED远近光一体）,国内传统车企，成本敏感，部分参数要求低于基线,ENV-01,最低工作温度,环境耐久,°C,-40,-40,否,一致,
SPEC-007,某自主品牌传统车企（项目代号C1）,前大灯总成（LED远近光一体）,国内传统车企，成本敏感，部分参数要求低于基线,ENV-02,最高工作温度,环境耐久,°C,85,85,否,一致,
SPEC-007,某自主品牌传统车企（项目代号C1）,前大灯总成（LED远近光一体）,国内传统车企，成本敏感，部分参数要求低于基线,ENV-03,存储温度下限,环境耐久,°C,-40,-40,否,一致,
SPEC-007,某自主品牌传统车企（项目代号C1）,前大灯总成（LED远近光一体）,国内传统车企，成本敏感，部分参数要求低于基线,ENV-04,存储温度上限,环境耐久,°C,105,105,否,一致,
SPEC-007,某自主品牌传统车企（项目代号C1）,前大灯总成（LED远近光一体）,国内传统车企，成本敏感，部分参数要求低于基线,ENV-05,防护等级,环境耐久,IP等级,IP67,IP67,否,一致,
SPEC-007,某自主品牌传统车企（项目代号C1）,前大灯总成（LED远近光一体）,国内传统车企，成本敏感，部分参数要求低于基线,ENV-06,盐雾试验,环境耐久,h,480,720,是,低于,客户要求480h盐雾，低于内部720h
SPEC-007,某自主品牌传统车企（项目代号C1）,前大灯总成（LED远近光一体）,国内传统车企，成本敏感，部分参数要求低于基线,ENV-07,高温高湿试验,环境耐久,h,720,1000,是,低于,客户要求720h温湿，低于内部1000h
SPEC-007,某自主品牌传统车企（项目代号C1）,前大灯总成（LED远近光一体）,国内传统车企，成本敏感，部分参数要求低于基线,ENV-08,温度循环次数,环境耐久,次,500,500,否,一致,
SPEC-007,某自主品牌传统车企（项目代号C1）,前大灯总成（LED远近光一体）,国内传统车企，成本敏感，部分参数要求低于基线,ENV-09,耐振动(随机),环境耐久,Grms,3.5,5.0,是,低于,客户要求3.5Grms，低于内部5Grms
SPEC-007,某自主品牌传统车企（项目代号C1）,前大灯总成（LED远近光一体）,国内传统车企，成本敏感，部分参数要求低于基线,ENV-10,紫外线老化,环境耐久,h,1200,2000,是,低于,客户要求1200h紫外，低于内部2000h
SPEC-007,某自主品牌传统车企（项目代号C1）,前大灯总成（LED远近光一体）,国内传统车企，成本敏感，部分参数要求低于基线,MEC-01,灯罩冲击强度,机械性能,J,12,15,是,低于,客户要求12J冲击，低于内部15J
SPEC-007,某自主品牌传统车企（项目代号C1）,前大灯总成（LED远近光一体）,国内传统车企，成本敏感，部分参数要求低于基线,MEC-02,壳体弯曲刚度,机械性能,N/mm,50,50,否,一致,
SPEC-007,某自主品牌传统车企（项目代号C1）,前大灯总成（LED远近光一体）,国内传统车企，成本敏感，部分参数要求低于基线,MEC-03,安装点拔出力,机械性能,N,300,300,否,一致,
SPEC-007,某自主品牌传统车企（项目代号C1）,前大灯总成（LED远近光一体）,国内传统车企，成本敏感，部分参数要求低于基线,MEC-04,连接器插拔力,机械性能,N,80,80,否,一致,
SPEC-007,某自主品牌传统车企（项目代号C1）,前大灯总成（LED远近光一体）,国内传统车企，成本敏感，部分参数要求低于基线,MEC-05,调节电机寿命,机械性能,万次,5,5,否,一致,
SPEC-007,某自主品牌传统车企（项目代号C1）,前大灯总成（LED远近光一体）,国内传统车企，成本敏感，部分参数要求低于基线,MEC-06,整灯重量上限,机械性能,kg,3.5,3.5,否,一致,
SPEC-007,某自主品牌传统车企（项目代号C1）,前大灯总成（LED远近光一体）,国内传统车企，成本敏感，部分参数要求低于基线,MEC-07,跌落试验高度,机械性能,cm,60,60,否,一致,
SPEC-007,某自主品牌传统车企（项目代号C1）,前大灯总成（LED远近光一体）,国内传统车企，成本敏感，部分参数要求低于基线,MEC-08,紧固件扭矩,机械性能,N·m,8,8,否,一致,
SPEC-007,某自主品牌传统车企（项目代号C1）,前大灯总成（LED远近光一体）,国内传统车企，成本敏感，部分参数要求低于基线,EMC-01,静电放电(接触),EMC电磁兼容,kV,±2,±4,是,低于,客户要求±2kV，低于内部±4kV
SPEC-007,某自主品牌传统车企（项目代号C1）,前大灯总成（LED远近光一体）,国内传统车企，成本敏感，部分参数要求低于基线,EMC-02,静电放电(空气),EMC电磁兼容,kV,±8,±8,否,一致,
SPEC-007,某自主品牌传统车企（项目代号C1）,前大灯总成（LED远近光一体）,国内传统车企，成本敏感，部分参数要求低于基线,EMC-03,传导骚扰限值,EMC电磁兼容,等级,Class 2,Class 3,是,低于,客户要求Class 2，内部Class 3
SPEC-007,某自主品牌传统车企（项目代号C1）,前大灯总成（LED远近光一体）,国内传统车企，成本敏感，部分参数要求低于基线,EMC-04,辐射骚扰限值,EMC电磁兼容,等级,Class 3,Class 3,否,一致,
SPEC-007,某自主品牌传统车企（项目代号C1）,前大灯总成（LED远近光一体）,国内传统车企，成本敏感，部分参数要求低于基线,EMC-05,电源瞬态抗扰度,EMC电磁兼容,等级,Level 3,Level 3,否,一致,
SPEC-007,某自主品牌传统车企（项目代号C1）,前大灯总成（LED远近光一体）,国内传统车企，成本敏感，部分参数要求低于基线,REG-01,中国CCC认证,法规认证,要求,必须,必须,否,一致,
SPEC-007,某自主品牌传统车企（项目代号C1）,前大灯总成（LED远近光一体）,国内传统车企，成本敏感，部分参数要求低于基线,REG-02,欧洲ECE R149,法规认证,要求,必须,必须,否,一致,
SPEC-007,某自主品牌传统车企（项目代号C1）,前大灯总成（LED远近光一体）,国内传统车企，成本敏感，部分参数要求低于基线,REG-03,美国SAE J1383,法规认证,要求,可选,可选,否,一致,
SPEC-007,某自主品牌传统车企（项目代号C1）,前大灯总成（LED远近光一体）,国内传统车企，成本敏感，部分参数要求低于基线,REG-04,功能安全ASIL等级,法规认证,等级,QM,ASIL B,是,低于,客户仅要求QM等级，内部为ASIL B
SPEC-007,某自主品牌传统车企（项目代号C1）,前大灯总成（LED远近光一体）,国内传统车企，成本敏感，部分参数要求低于基线,REG-05,网络安全要求,法规认证,要求,ISO 21434,ISO 21434,否,一致,
SPEC-007,某自主品牌传统车企（项目代号C1）,前大灯总成（LED远近光一体）,国内传统车企，成本敏感，部分参数要求低于基线,REL-01,设计寿命,可靠性,h,8000,10000,是,低于,客户要求8000h，低于内部10000h
SPEC-007,某自主品牌传统车企（项目代号C1）,前大灯总成（LED远近光一体）,国内传统车企，成本敏感，部分参数要求低于基线,REL-02,LED光衰标准(L70),可靠性,h,8000,8000,否,一致,
SPEC-007,某自主品牌传统车企（项目代号C1）,前大灯总成（LED远近光一体）,国内传统车企，成本敏感，部分参数要求低于基线,REL-03,PCBA MTBF,可靠性,h,30000,50000,是,低于,客户要求30000h MTBF，低于内部50000h
SPEC-007,某自主品牌传统车企（项目代号C1）,前大灯总成（LED远近光一体）,国内传统车企，成本敏感，部分参数要求低于基线,REL-04,调光电机耐久,可靠性,万次,10,10,否,一致,
SPEC-007,某自主品牌传统车企（项目代号C1）,前大灯总成（LED远近光一体）,国内传统车企，成本敏感，部分参数要求低于基线,REL-05,整车质保期,可靠性,年,3,3,否,一致,
SPEC-008,某印度品牌（项目代号I1）,前大灯总成（经济型LED）,印度品牌，法规标准不同，部分参数差异大,OPT-01,近光光通量,光学性能,lm,1000,1200,是,低于,客户要求1000lm，低于内部1200lm
SPEC-008,某印度品牌（项目代号I1）,前大灯总成（经济型LED）,印度品牌，法规标准不同，部分参数差异大,OPT-02,远光光通量,光学性能,lm,1800,1800,否,一致,
SPEC-008,某印度品牌（项目代号I1）,前大灯总成（经济型LED）,印度品牌，法规标准不同，部分参数差异大,OPT-03,近光中心照度,光学性能,lx@25m,35,45,是,低于,客户要求35lx，低于内部45lx
SPEC-008,某印度品牌（项目代号I1）,前大灯总成（经济型LED）,印度品牌，法规标准不同，部分参数差异大,OPT-04,远光中心照度,光学性能,lx@25m,120,120,否,一致,
SPEC-008,某印度品牌（项目代号I1）,前大灯总成（经济型LED）,印度品牌，法规标准不同，部分参数差异大,OPT-05,近光截止线清晰度,光学性能,%,85,85,否,一致,
SPEC-008,某印度品牌（项目代号I1）,前大灯总成（经济型LED）,印度品牌，法规标准不同，部分参数差异大,OPT-06,近光截止线水平偏移,光学性能,°,0.5,0.5,否,一致,
SPEC-008,某印度品牌（项目代号I1）,前大灯总成（经济型LED）,印度品牌，法规标准不同，部分参数差异大,OPT-07,色温范围,光学性能,K,5500-6500,5500-6500,否,一致,
SPEC-008,某印度品牌（项目代号I1）,前大灯总成（经济型LED）,印度品牌，法规标准不同，部分参数差异大,OPT-08,日行灯亮度,光学性能,cd,300,300,否,一致,
SPEC-008,某印度品牌（项目代号I1）,前大灯总成（经济型LED）,印度品牌，法规标准不同，部分参数差异大,OPT-09,转向灯亮度,光学性能,cd,150,150,否,一致,
SPEC-008,某印度品牌（项目代号I1）,前大灯总成（经济型LED）,印度品牌，法规标准不同，部分参数差异大,OPT-10,光型均匀度,光学性能,%,75,75,否,一致,
SPEC-008,某印度品牌（项目代号I1）,前大灯总成（经济型LED）,印度品牌，法规标准不同，部分参数差异大,ELE-01,额定工作电压,电气性能,V,12,12,否,一致,
SPEC-008,某印度品牌（项目代号I1）,前大灯总成（经济型LED）,印度品牌，法规标准不同，部分参数差异大,ELE-02,工作电压范围,电气性能,V,9-16,9-16,否,一致,
SPEC-008,某印度品牌（项目代号I1）,前大灯总成（经济型LED）,印度品牌，法规标准不同，部分参数差异大,ELE-03,近光功耗,电气性能,W,35,35,否,一致,
SPEC-008,某印度品牌（项目代号I1）,前大灯总成（经济型LED）,印度品牌，法规标准不同，部分参数差异大,ELE-04,远光功耗,电气性能,W,55,55,否,一致,
SPEC-008,某印度品牌（项目代号I1）,前大灯总成（经济型LED）,印度品牌，法规标准不同，部分参数差异大,ELE-05,待机功耗,电气性能,mA,2,2,否,一致,
SPEC-008,某印度品牌（项目代号I1）,前大灯总成（经济型LED）,印度品牌，法规标准不同，部分参数差异大,ELE-06,浪涌电流,电气性能,A,15,15,否,一致,
SPEC-008,某印度品牌（项目代号I1）,前大灯总成（经济型LED）,印度品牌，法规标准不同，部分参数差异大,ELE-07,CAN通信速率,电气性能,kbps,500,500,否,一致,
SPEC-008,某印度品牌（项目代号I1）,前大灯总成（经济型LED）,印度品牌，法规标准不同，部分参数差异大,ELE-08,LIN通信速率,电气性能,kbps,19.2,19.2,否,一致,
SPEC-008,某印度品牌（项目代号I1）,前大灯总成（经济型LED）,印度品牌，法规标准不同，部分参数差异大,ENV-01,最低工作温度,环境耐久,°C,-20,-40,是,低于,客户要求-20°C（热带气候），高于内部-40°C
SPEC-008,某印度品牌（项目代号I1）,前大灯总成（经济型LED）,印度品牌，法规标准不同，部分参数差异大,ENV-02,最高工作温度,环境耐久,°C,75,85,是,低于,客户要求75°C（印度高温但设计保守），低于内部85°C
SPEC-008,某印度品牌（项目代号I1）,前大灯总成（经济型LED）,印度品牌，法规标准不同，部分参数差异大,ENV-03,存储温度下限,环境耐久,°C,-40,-40,否,一致,
SPEC-008,某印度品牌（项目代号I1）,前大灯总成（经济型LED）,印度品牌，法规标准不同，部分参数差异大,ENV-04,存储温度上限,环境耐久,°C,105,105,否,一致,
SPEC-008,某印度品牌（项目代号I1）,前大灯总成（经济型LED）,印度品牌，法规标准不同，部分参数差异大,ENV-05,防护等级,环境耐久,IP等级,IP67,IP67,否,一致,
SPEC-008,某印度品牌（项目代号I1）,前大灯总成（经济型LED）,印度品牌，法规标准不同，部分参数差异大,ENV-06,盐雾试验,环境耐久,h,360,720,是,低于,客户要求360h盐雾，低于内部720h
SPEC-008,某印度品牌（项目代号I1）,前大灯总成（经济型LED）,印度品牌，法规标准不同，部分参数差异大,ENV-07,高温高湿试验,环境耐久,h,1000,1000,否,一致,
SPEC-008,某印度品牌（项目代号I1）,前大灯总成（经济型LED）,印度品牌，法规标准不同，部分参数差异大,ENV-08,温度循环次数,环境耐久,次,500,500,否,一致,
SPEC-008,某印度品牌（项目代号I1）,前大灯总成（经济型LED）,印度品牌，法规标准不同，部分参数差异大,ENV-09,耐振动(随机),环境耐久,Grms,2.5,5.0,是,低于,客户要求2.5Grms，低于内部5Grms
SPEC-008,某印度品牌（项目代号I1）,前大灯总成（经济型LED）,印度品牌，法规标准不同，部分参数差异大,ENV-10,紫外线老化,环境耐久,h,1000,2000,是,低于,客户要求1000h紫外，低于内部2000h
SPEC-008,某印度品牌（项目代号I1）,前大灯总成（经济型LED）,印度品牌，法规标准不同，部分参数差异大,MEC-01,灯罩冲击强度,机械性能,J,15,15,否,一致,
SPEC-008,某印度品牌（项目代号I1）,前大灯总成（经济型LED）,印度品牌，法规标准不同，部分参数差异大,MEC-02,壳体弯曲刚度,机械性能,N/mm,50,50,否,一致,
SPEC-008,某印度品牌（项目代号I1）,前大灯总成（经济型LED）,印度品牌，法规标准不同，部分参数差异大,MEC-03,安装点拔出力,机械性能,N,300,300,否,一致,
SPEC-008,某印度品牌（项目代号I1）,前大灯总成（经济型LED）,印度品牌，法规标准不同，部分参数差异大,MEC-04,连接器插拔力,机械性能,N,80,80,否,一致,
SPEC-008,某印度品牌（项目代号I1）,前大灯总成（经济型LED）,印度品牌，法规标准不同，部分参数差异大,MEC-05,调节电机寿命,机械性能,万次,5,5,否,一致,
SPEC-008,某印度品牌（项目代号I1）,前大灯总成（经济型LED）,印度品牌，法规标准不同，部分参数差异大,MEC-06,整灯重量上限,机械性能,kg,4.5,3.5,是,低于,客户要求≤4.5kg，内部3.5kg
SPEC-008,某印度品牌（项目代号I1）,前大灯总成（经济型LED）,印度品牌，法规标准不同，部分参数差异大,MEC-07,跌落试验高度,机械性能,cm,60,60,否,一致,
SPEC-008,某印度品牌（项目代号I1）,前大灯总成（经济型LED）,印度品牌，法规标准不同，部分参数差异大,MEC-08,紧固件扭矩,机械性能,N·m,8,8,否,一致,
SPEC-008,某印度品牌（项目代号I1）,前大灯总成（经济型LED）,印度品牌，法规标准不同，部分参数差异大,EMC-01,静电放电(接触),EMC电磁兼容,kV,±2,±4,是,低于,客户要求±2kV，低于内部±4kV
SPEC-008,某印度品牌（项目代号I1）,前大灯总成（经济型LED）,印度品牌，法规标准不同，部分参数差异大,EMC-02,静电放电(空气),EMC电磁兼容,kV,±8,±8,否,一致,
SPEC-008,某印度品牌（项目代号I1）,前大灯总成（经济型LED）,印度品牌，法规标准不同，部分参数差异大,EMC-03,传导骚扰限值,EMC电磁兼容,等级,Class 2,Class 3,是,低于,客户要求Class 2，低于内部Class 3
SPEC-008,某印度品牌（项目代号I1）,前大灯总成（经济型LED）,印度品牌，法规标准不同，部分参数差异大,EMC-04,辐射骚扰限值,EMC电磁兼容,等级,Class 3,Class 3,否,一致,
SPEC-008,某印度品牌（项目代号I1）,前大灯总成（经济型LED）,印度品牌，法规标准不同，部分参数差异大,EMC-05,电源瞬态抗扰度,EMC电磁兼容,等级,Level 3,Level 3,否,一致,
SPEC-008,某印度品牌（项目代号I1）,前大灯总成（经济型LED）,印度品牌，法规标准不同，部分参数差异大,REG-01,中国CCC认证,法规认证,要求,不要求,必须,是,不同,印度市场不要求CCC
SPEC-008,某印度品牌（项目代号I1）,前大灯总成（经济型LED）,印度品牌，法规标准不同，部分参数差异大,REG-02,欧洲ECE R149,法规认证,要求,不要求,必须,是,不同,印度市场不要求ECE
SPEC-008,某印度品牌（项目代号I1）,前大灯总成（经济型LED）,印度品牌，法规标准不同，部分参数差异大,REG-03,美国SAE J1383,法规认证,要求,不要求,可选,是,不同,印度市场不使用SAE
SPEC-008,某印度品牌（项目代号I1）,前大灯总成（经济型LED）,印度品牌，法规标准不同，部分参数差异大,REG-04,功能安全ASIL等级,法规认证,等级,ASIL B,ASIL B,否,一致,
SPEC-008,某印度品牌（项目代号I1）,前大灯总成（经济型LED）,印度品牌，法规标准不同，部分参数差异大,REG-05,网络安全要求,法规认证,要求,ISO 21434,ISO 21434,否,一致,
SPEC-008,某印度品牌（项目代号I1）,前大灯总成（经济型LED）,印度品牌，法规标准不同，部分参数差异大,REL-01,设计寿命,可靠性,h,6000,10000,是,低于,客户要求6000h，低于内部10000h
SPEC-008,某印度品牌（项目代号I1）,前大灯总成（经济型LED）,印度品牌，法规标准不同，部分参数差异大,REL-02,LED光衰标准(L70),可靠性,h,8000,8000,否,一致,
SPEC-008,某印度品牌（项目代号I1）,前大灯总成（经济型LED）,印度品牌，法规标准不同，部分参数差异大,REL-03,PCBA MTBF,可靠性,h,50000,50000,否,一致,
SPEC-008,某印度品牌（项目代号I1）,前大灯总成（经济型LED）,印度品牌，法规标准不同，部分参数差异大,REL-04,调光电机耐久,可靠性,万次,10,10,否,一致,
SPEC-008,某印度品牌（项目代号I1）,前大灯总成（经济型LED）,印度品牌，法规标准不同，部分参数差异大,REL-05,整车质保期,可靠性,年,3,3,否,一致,
SPEC-009,某高端超跑品牌（项目代号S1）,前大灯总成（激光远光+LED近光）,超跑品牌，极端光学性能和工作温度要求,OPT-01,近光光通量,光学性能,lm,2500,1200,是,高于,客户要求近光2500lm，内部仅1200lm
SPEC-009,某高端超跑品牌（项目代号S1）,前大灯总成（激光远光+LED近光）,超跑品牌，极端光学性能和工作温度要求,OPT-02,远光光通量,光学性能,lm,4000,1800,是,高于,客户要求远光4000lm，内部仅1800lm
SPEC-009,某高端超跑品牌（项目代号S1）,前大灯总成（激光远光+LED近光）,超跑品牌，极端光学性能和工作温度要求,OPT-03,近光中心照度,光学性能,lx@25m,80,45,是,高于,客户要求80lx近光照度，内部仅45lx
SPEC-009,某高端超跑品牌（项目代号S1）,前大灯总成（激光远光+LED近光）,超跑品牌，极端光学性能和工作温度要求,OPT-04,远光中心照度,光学性能,lx@25m,250,120,是,高于,客户要求250lx远光照度，内部仅120lx
SPEC-009,某高端超跑品牌（项目代号S1）,前大灯总成（激光远光+LED近光）,超跑品牌，极端光学性能和工作温度要求,OPT-05,近光截止线清晰度,光学性能,%,85,85,否,一致,
SPEC-009,某高端超跑品牌（项目代号S1）,前大灯总成（激光远光+LED近光）,超跑品牌，极端光学性能和工作温度要求,OPT-06,近光截止线水平偏移,光学性能,°,0.5,0.5,否,一致,
SPEC-009,某高端超跑品牌（项目代号S1）,前大灯总成（激光远光+LED近光）,超跑品牌，极端光学性能和工作温度要求,OPT-07,色温范围,光学性能,K,4500-6000,5500-6500,是,不同,客户要求4500-6000K宽范围，内部5500-6500K
SPEC-009,某高端超跑品牌（项目代号S1）,前大灯总成（激光远光+LED近光）,超跑品牌，极端光学性能和工作温度要求,OPT-08,日行灯亮度,光学性能,cd,300,300,否,一致,
SPEC-009,某高端超跑品牌（项目代号S1）,前大灯总成（激光远光+LED近光）,超跑品牌，极端光学性能和工作温度要求,OPT-09,转向灯亮度,光学性能,cd,150,150,否,一致,
SPEC-009,某高端超跑品牌（项目代号S1）,前大灯总成（激光远光+LED近光）,超跑品牌，极端光学性能和工作温度要求,OPT-10,光型均匀度,光学性能,%,75,75,否,一致,
SPEC-009,某高端超跑品牌（项目代号S1）,前大灯总成（激光远光+LED近光）,超跑品牌，极端光学性能和工作温度要求,ELE-01,额定工作电压,电气性能,V,12,12,否,一致,
SPEC-009,某高端超跑品牌（项目代号S1）,前大灯总成（激光远光+LED近光）,超跑品牌，极端光学性能和工作温度要求,ELE-02,工作电压范围,电气性能,V,9-16,9-16,否,一致,
SPEC-009,某高端超跑品牌（项目代号S1）,前大灯总成（激光远光+LED近光）,超跑品牌，极端光学性能和工作温度要求,ELE-03,近光功耗,电气性能,W,50,35,是,低于,客户要求近光≤50W（高性能），高于内部35W上限
SPEC-009,某高端超跑品牌（项目代号S1）,前大灯总成（激光远光+LED近光）,超跑品牌，极端光学性能和工作温度要求,ELE-04,远光功耗,电气性能,W,75,55,是,低于,客户要求远光≤75W，高于内部55W上限
SPEC-009,某高端超跑品牌（项目代号S1）,前大灯总成（激光远光+LED近光）,超跑品牌，极端光学性能和工作温度要求,ELE-05,待机功耗,电气性能,mA,2,2,否,一致,
SPEC-009,某高端超跑品牌（项目代号S1）,前大灯总成（激光远光+LED近光）,超跑品牌，极端光学性能和工作温度要求,ELE-06,浪涌电流,电气性能,A,15,15,否,一致,
SPEC-009,某高端超跑品牌（项目代号S1）,前大灯总成（激光远光+LED近光）,超跑品牌，极端光学性能和工作温度要求,ELE-07,CAN通信速率,电气性能,kbps,500,500,否,一致,
SPEC-009,某高端超跑品牌（项目代号S1）,前大灯总成（激光远光+LED近光）,超跑品牌，极端光学性能和工作温度要求,ELE-08,LIN通信速率,电气性能,kbps,19.2,19.2,否,一致,
SPEC-009,某高端超跑品牌（项目代号S1）,前大灯总成（激光远光+LED近光）,超跑品牌，极端光学性能和工作温度要求,ENV-01,最低工作温度,环境耐久,°C,-40,-40,否,一致,
SPEC-009,某高端超跑品牌（项目代号S1）,前大灯总成（激光远光+LED近光）,超跑品牌，极端光学性能和工作温度要求,ENV-02,最高工作温度,环境耐久,°C,110,85,是,高于,客户要求110°C（机舱温度极高），内部仅85°C
SPEC-009,某高端超跑品牌（项目代号S1）,前大灯总成（激光远光+LED近光）,超跑品牌，极端光学性能和工作温度要求,ENV-03,存储温度下限,环境耐久,°C,-40,-40,否,一致,
SPEC-009,某高端超跑品牌（项目代号S1）,前大灯总成（激光远光+LED近光）,超跑品牌，极端光学性能和工作温度要求,ENV-04,存储温度上限,环境耐久,°C,105,105,否,一致,
SPEC-009,某高端超跑品牌（项目代号S1）,前大灯总成（激光远光+LED近光）,超跑品牌，极端光学性能和工作温度要求,ENV-05,防护等级,环境耐久,IP等级,IP67,IP67,否,一致,
SPEC-009,某高端超跑品牌（项目代号S1）,前大灯总成（激光远光+LED近光）,超跑品牌，极端光学性能和工作温度要求,ENV-06,盐雾试验,环境耐久,h,720,720,否,一致,
SPEC-009,某高端超跑品牌（项目代号S1）,前大灯总成（激光远光+LED近光）,超跑品牌，极端光学性能和工作温度要求,ENV-07,高温高湿试验,环境耐久,h,1000,1000,否,一致,
SPEC-009,某高端超跑品牌（项目代号S1）,前大灯总成（激光远光+LED近光）,超跑品牌，极端光学性能和工作温度要求,ENV-08,温度循环次数,环境耐久,次,800,500,是,高于,客户要求800次温循，内部500次
SPEC-009,某高端超跑品牌（项目代号S1）,前大灯总成（激光远光+LED近光）,超跑品牌，极端光学性能和工作温度要求,ENV-09,耐振动(随机),环境耐久,Grms,5.0,5.0,否,一致,
SPEC-009,某高端超跑品牌（项目代号S1）,前大灯总成（激光远光+LED近光）,超跑品牌，极端光学性能和工作温度要求,ENV-10,紫外线老化,环境耐久,h,2000,2000,否,一致,
SPEC-009,某高端超跑品牌（项目代号S1）,前大灯总成（激光远光+LED近光）,超跑品牌，极端光学性能和工作温度要求,MEC-01,灯罩冲击强度,机械性能,J,15,15,否,一致,
SPEC-009,某高端超跑品牌（项目代号S1）,前大灯总成（激光远光+LED近光）,超跑品牌，极端光学性能和工作温度要求,MEC-02,壳体弯曲刚度,机械性能,N/mm,80,50,是,高于,客户要求80N/mm刚度，内部50N/mm
SPEC-009,某高端超跑品牌（项目代号S1）,前大灯总成（激光远光+LED近光）,超跑品牌，极端光学性能和工作温度要求,MEC-03,安装点拔出力,机械性能,N,300,300,否,一致,
SPEC-009,某高端超跑品牌（项目代号S1）,前大灯总成（激光远光+LED近光）,超跑品牌，极端光学性能和工作温度要求,MEC-04,连接器插拔力,机械性能,N,80,80,否,一致,
SPEC-009,某高端超跑品牌（项目代号S1）,前大灯总成（激光远光+LED近光）,超跑品牌，极端光学性能和工作温度要求,MEC-05,调节电机寿命,机械性能,万次,5,5,否,一致,
SPEC-009,某高端超跑品牌（项目代号S1）,前大灯总成（激光远光+LED近光）,超跑品牌，极端光学性能和工作温度要求,MEC-06,整灯重量上限,机械性能,kg,2.0,3.5,是,高于,客户要求≤2.0kg极致轻量，内部3.5kg
SPEC-009,某高端超跑品牌（项目代号S1）,前大灯总成（激光远光+LED近光）,超跑品牌，极端光学性能和工作温度要求,MEC-07,跌落试验高度,机械性能,cm,60,60,否,一致,
SPEC-009,某高端超跑品牌（项目代号S1）,前大灯总成（激光远光+LED近光）,超跑品牌，极端光学性能和工作温度要求,MEC-08,紧固件扭矩,机械性能,N·m,8,8,否,一致,
SPEC-009,某高端超跑品牌（项目代号S1）,前大灯总成（激光远光+LED近光）,超跑品牌，极端光学性能和工作温度要求,EMC-01,静电放电(接触),EMC电磁兼容,kV,±6,±4,是,高于,客户要求±6kV接触，内部±4kV
SPEC-009,某高端超跑品牌（项目代号S1）,前大灯总成（激光远光+LED近光）,超跑品牌，极端光学性能和工作温度要求,EMC-02,静电放电(空气),EMC电磁兼容,kV,±8,±8,否,一致,
SPEC-009,某高端超跑品牌（项目代号S1）,前大灯总成（激光远光+LED近光）,超跑品牌，极端光学性能和工作温度要求,EMC-03,传导骚扰限值,EMC电磁兼容,等级,Class 3,Class 3,否,一致,
SPEC-009,某高端超跑品牌（项目代号S1）,前大灯总成（激光远光+LED近光）,超跑品牌，极端光学性能和工作温度要求,EMC-04,辐射骚扰限值,EMC电磁兼容,等级,Class 3,Class 3,否,一致,
SPEC-009,某高端超跑品牌（项目代号S1）,前大灯总成（激光远光+LED近光）,超跑品牌，极端光学性能和工作温度要求,EMC-05,电源瞬态抗扰度,EMC电磁兼容,等级,Level 3,Level 3,否,一致,
SPEC-009,某高端超跑品牌（项目代号S1）,前大灯总成（激光远光+LED近光）,超跑品牌，极端光学性能和工作温度要求,REG-01,中国CCC认证,法规认证,要求,必须,必须,否,一致,
SPEC-009,某高端超跑品牌（项目代号S1）,前大灯总成（激光远光+LED近光）,超跑品牌，极端光学性能和工作温度要求,REG-02,欧洲ECE R149,法规认证,要求,必须,必须,否,一致,
SPEC-009,某高端超跑品牌（项目代号S1）,前大灯总成（激光远光+LED近光）,超跑品牌，极端光学性能和工作温度要求,REG-03,美国SAE J1383,法规认证,要求,可选,可选,否,一致,
SPEC-009,某高端超跑品牌（项目代号S1）,前大灯总成（激光远光+LED近光）,超跑品牌，极端光学性能和工作温度要求,REG-04,功能安全ASIL等级,法规认证,等级,ASIL D,ASIL B,是,高于,客户要求ASIL D，内部ASIL B
SPEC-009,某高端超跑品牌（项目代号S1）,前大灯总成（激光远光+LED近光）,超跑品牌，极端光学性能和工作温度要求,REG-05,网络安全要求,法规认证,要求,ISO 21434,ISO 21434,否,一致,
SPEC-009,某高端超跑品牌（项目代号S1）,前大灯总成（激光远光+LED近光）,超跑品牌，极端光学性能和工作温度要求,REL-01,设计寿命,可靠性,h,10000,10000,否,一致,
SPEC-009,某高端超跑品牌（项目代号S1）,前大灯总成（激光远光+LED近光）,超跑品牌，极端光学性能和工作温度要求,REL-02,LED光衰标准(L70),可靠性,h,12000,8000,是,高于,客户要求L70达12000h，内部8000h
SPEC-009,某高端超跑品牌（项目代号S1）,前大灯总成（激光远光+LED近光）,超跑品牌，极端光学性能和工作温度要求,REL-03,PCBA MTBF,可靠性,h,50000,50000,否,一致,
SPEC-009,某高端超跑品牌（项目代号S1）,前大灯总成（激光远光+LED近光）,超跑品牌，极端光学性能和工作温度要求,REL-04,调光电机耐久,可靠性,万次,10,10,否,一致,
SPEC-009,某高端超跑品牌（项目代号S1）,前大灯总成（激光远光+LED近光）,超跑品牌，极端光学性能和工作温度要求,REL-05,整车质保期,可靠性,年,3,3,否,一致,
SPEC-010,某自主品牌SUV（项目代号F1）,前大灯总成（全LED自适应）,国产SUV品牌，对整灯重量和尺寸有特殊要求,OPT-01,近光光通量,光学性能,lm,1400,1200,是,高于,客户要求1400lm，内部1200lm
SPEC-010,某自主品牌SUV（项目代号F1）,前大灯总成（全LED自适应）,国产SUV品牌，对整灯重量和尺寸有特殊要求,OPT-02,远光光通量,光学性能,lm,2000,1800,是,高于,客户要求2000lm，内部1800lm
SPEC-010,某自主品牌SUV（项目代号F1）,前大灯总成（全LED自适应）,国产SUV品牌，对整灯重量和尺寸有特殊要求,OPT-03,近光中心照度,光学性能,lx@25m,45,45,否,一致,
SPEC-010,某自主品牌SUV（项目代号F1）,前大灯总成（全LED自适应）,国产SUV品牌，对整灯重量和尺寸有特殊要求,OPT-04,远光中心照度,光学性能,lx@25m,120,120,否,一致,
SPEC-010,某自主品牌SUV（项目代号F1）,前大灯总成（全LED自适应）,国产SUV品牌，对整灯重量和尺寸有特殊要求,OPT-05,近光截止线清晰度,光学性能,%,85,85,否,一致,
SPEC-010,某自主品牌SUV（项目代号F1）,前大灯总成（全LED自适应）,国产SUV品牌，对整灯重量和尺寸有特殊要求,OPT-06,近光截止线水平偏移,光学性能,°,0.5,0.5,否,一致,
SPEC-010,某自主品牌SUV（项目代号F1）,前大灯总成（全LED自适应）,国产SUV品牌，对整灯重量和尺寸有特殊要求,OPT-07,色温范围,光学性能,K,5500-6500,5500-6500,否,一致,
SPEC-010,某自主品牌SUV（项目代号F1）,前大灯总成（全LED自适应）,国产SUV品牌，对整灯重量和尺寸有特殊要求,OPT-08,日行灯亮度,光学性能,cd,300,300,否,一致,
SPEC-010,某自主品牌SUV（项目代号F1）,前大灯总成（全LED自适应）,国产SUV品牌，对整灯重量和尺寸有特殊要求,OPT-09,转向灯亮度,光学性能,cd,150,150,否,一致,
SPEC-010,某自主品牌SUV（项目代号F1）,前大灯总成（全LED自适应）,国产SUV品牌，对整灯重量和尺寸有特殊要求,OPT-10,光型均匀度,光学性能,%,75,75,否,一致,
SPEC-010,某自主品牌SUV（项目代号F1）,前大灯总成（全LED自适应）,国产SUV品牌，对整灯重量和尺寸有特殊要求,ELE-01,额定工作电压,电气性能,V,12,12,否,一致,
SPEC-010,某自主品牌SUV（项目代号F1）,前大灯总成（全LED自适应）,国产SUV品牌，对整灯重量和尺寸有特殊要求,ELE-02,工作电压范围,电气性能,V,9-16,9-16,否,一致,
SPEC-010,某自主品牌SUV（项目代号F1）,前大灯总成（全LED自适应）,国产SUV品牌，对整灯重量和尺寸有特殊要求,ELE-03,近光功耗,电气性能,W,40,35,是,低于,客户要求近光≤40W（SUV功率余量大），高于内部35W
SPEC-010,某自主品牌SUV（项目代号F1）,前大灯总成（全LED自适应）,国产SUV品牌，对整灯重量和尺寸有特殊要求,ELE-04,远光功耗,电气性能,W,55,55,否,一致,
SPEC-010,某自主品牌SUV（项目代号F1）,前大灯总成（全LED自适应）,国产SUV品牌，对整灯重量和尺寸有特殊要求,ELE-05,待机功耗,电气性能,mA,2,2,否,一致,
SPEC-010,某自主品牌SUV（项目代号F1）,前大灯总成（全LED自适应）,国产SUV品牌，对整灯重量和尺寸有特殊要求,ELE-06,浪涌电流,电气性能,A,15,15,否,一致,
SPEC-010,某自主品牌SUV（项目代号F1）,前大灯总成（全LED自适应）,国产SUV品牌，对整灯重量和尺寸有特殊要求,ELE-07,CAN通信速率,电气性能,kbps,500,500,否,一致,
SPEC-010,某自主品牌SUV（项目代号F1）,前大灯总成（全LED自适应）,国产SUV品牌，对整灯重量和尺寸有特殊要求,ELE-08,LIN通信速率,电气性能,kbps,19.2,19.2,否,一致,
SPEC-010,某自主品牌SUV（项目代号F1）,前大灯总成（全LED自适应）,国产SUV品牌，对整灯重量和尺寸有特殊要求,ENV-01,最低工作温度,环境耐久,°C,-40,-40,否,一致,
SPEC-010,某自主品牌SUV（项目代号F1）,前大灯总成（全LED自适应）,国产SUV品牌，对整灯重量和尺寸有特殊要求,ENV-02,最高工作温度,环境耐久,°C,85,85,否,一致,
SPEC-010,某自主品牌SUV（项目代号F1）,前大灯总成（全LED自适应）,国产SUV品牌，对整灯重量和尺寸有特殊要求,ENV-03,存储温度下限,环境耐久,°C,-40,-40,否,一致,
SPEC-010,某自主品牌SUV（项目代号F1）,前大灯总成（全LED自适应）,国产SUV品牌，对整灯重量和尺寸有特殊要求,ENV-04,存储温度上限,环境耐久,°C,105,105,否,一致,
SPEC-010,某自主品牌SUV（项目代号F1）,前大灯总成（全LED自适应）,国产SUV品牌，对整灯重量和尺寸有特殊要求,ENV-05,防护等级,环境耐久,IP等级,IP67,IP67,否,一致,
SPEC-010,某自主品牌SUV（项目代号F1）,前大灯总成（全LED自适应）,国产SUV品牌，对整灯重量和尺寸有特殊要求,ENV-06,盐雾试验,环境耐久,h,800,720,是,高于,客户要求800h盐雾，内部720h
SPEC-010,某自主品牌SUV（项目代号F1）,前大灯总成（全LED自适应）,国产SUV品牌，对整灯重量和尺寸有特殊要求,ENV-07,高温高湿试验,环境耐久,h,1000,1000,否,一致,
SPEC-010,某自主品牌SUV（项目代号F1）,前大灯总成（全LED自适应）,国产SUV品牌，对整灯重量和尺寸有特殊要求,ENV-08,温度循环次数,环境耐久,次,500,500,否,一致,
SPEC-010,某自主品牌SUV（项目代号F1）,前大灯总成（全LED自适应）,国产SUV品牌，对整灯重量和尺寸有特殊要求,ENV-09,耐振动(随机),环境耐久,Grms,6.0,5.0,是,高于,SUV振动要求6Grms，内部5Grms
SPEC-010,某自主品牌SUV（项目代号F1）,前大灯总成（全LED自适应）,国产SUV品牌，对整灯重量和尺寸有特殊要求,ENV-10,紫外线老化,环境耐久,h,2000,2000,否,一致,
SPEC-010,某自主品牌SUV（项目代号F1）,前大灯总成（全LED自适应）,国产SUV品牌，对整灯重量和尺寸有特殊要求,MEC-01,灯罩冲击强度,机械性能,J,15,15,否,一致,
SPEC-010,某自主品牌SUV（项目代号F1）,前大灯总成（全LED自适应）,国产SUV品牌，对整灯重量和尺寸有特殊要求,MEC-02,壳体弯曲刚度,机械性能,N/mm,50,50,否,一致,
SPEC-010,某自主品牌SUV（项目代号F1）,前大灯总成（全LED自适应）,国产SUV品牌，对整灯重量和尺寸有特殊要求,MEC-03,安装点拔出力,机械性能,N,400,300,是,高于,客户要求400N拔出力，内部300N
SPEC-010,某自主品牌SUV（项目代号F1）,前大灯总成（全LED自适应）,国产SUV品牌，对整灯重量和尺寸有特殊要求,MEC-04,连接器插拔力,机械性能,N,80,80,否,一致,
SPEC-010,某自主品牌SUV（项目代号F1）,前大灯总成（全LED自适应）,国产SUV品牌，对整灯重量和尺寸有特殊要求,MEC-05,调节电机寿命,机械性能,万次,5,5,否,一致,
SPEC-010,某自主品牌SUV（项目代号F1）,前大灯总成（全LED自适应）,国产SUV品牌，对整灯重量和尺寸有特殊要求,MEC-06,整灯重量上限,机械性能,kg,4.5,3.5,是,低于,SUV允许≤4.5kg，高于内部3.5kg
SPEC-010,某自主品牌SUV（项目代号F1）,前大灯总成（全LED自适应）,国产SUV品牌，对整灯重量和尺寸有特殊要求,MEC-07,跌落试验高度,机械性能,cm,80,60,是,高于,客户要求80cm跌落，内部60cm
SPEC-010,某自主品牌SUV（项目代号F1）,前大灯总成（全LED自适应）,国产SUV品牌，对整灯重量和尺寸有特殊要求,MEC-08,紧固件扭矩,机械性能,N·m,8,8,否,一致,
SPEC-010,某自主品牌SUV（项目代号F1）,前大灯总成（全LED自适应）,国产SUV品牌，对整灯重量和尺寸有特殊要求,EMC-01,静电放电(接触),EMC电磁兼容,kV,±4,±4,否,一致,
SPEC-010,某自主品牌SUV（项目代号F1）,前大灯总成（全LED自适应）,国产SUV品牌，对整灯重量和尺寸有特殊要求,EMC-02,静电放电(空气),EMC电磁兼容,kV,±8,±8,否,一致,
SPEC-010,某自主品牌SUV（项目代号F1）,前大灯总成（全LED自适应）,国产SUV品牌，对整灯重量和尺寸有特殊要求,EMC-03,传导骚扰限值,EMC电磁兼容,等级,Class 3,Class 3,否,一致,
SPEC-010,某自主品牌SUV（项目代号F1）,前大灯总成（全LED自适应）,国产SUV品牌，对整灯重量和尺寸有特殊要求,EMC-04,辐射骚扰限值,EMC电磁兼容,等级,Class 3,Class 3,否,一致,
SPEC-010,某自主品牌SUV（项目代号F1）,前大灯总成（全LED自适应）,国产SUV品牌，对整灯重量和尺寸有特殊要求,EMC-05,电源瞬态抗扰度,EMC电磁兼容,等级,Level 3,Level 3,否,一致,
SPEC-010,某自主品牌SUV（项目代号F1）,前大灯总成（全LED自适应）,国产SUV品牌，对整灯重量和尺寸有特殊要求,REG-01,中国CCC认证,法规认证,要求,必须,必须,否,一致,
SPEC-010,某自主品牌SUV（项目代号F1）,前大灯总成（全LED自适应）,国产SUV品牌，对整灯重量和尺寸有特殊要求,REG-02,欧洲ECE R149,法规认证,要求,必须,必须,否,一致,
SPEC-010,某自主品牌SUV（项目代号F1）,前大灯总成（全LED自适应）,国产SUV品牌，对整灯重量和尺寸有特殊要求,REG-03,美国SAE J1383,法规认证,要求,可选,可选,否,一致,
SPEC-010,某自主品牌SUV（项目代号F1）,前大灯总成（全LED自适应）,国产SUV品牌，对整灯重量和尺寸有特殊要求,REG-04,功能安全ASIL等级,法规认证,等级,ASIL B,ASIL B,否,一致,
SPEC-010,某自主品牌SUV（项目代号F1）,前大灯总成（全LED自适应）,国产SUV品牌，对整灯重量和尺寸有特殊要求,REG-05,网络安全要求,法规认证,要求,ISO 21434 Level 2,ISO 21434,是,低于,客户仅要求Level 2
SPEC-010,某自主品牌SUV（项目代号F1）,前大灯总成（全LED自适应）,国产SUV品牌，对整灯重量和尺寸有特殊要求,REL-01,设计寿命,可靠性,h,10000,10000,否,一致,
SPEC-010,某自主品牌SUV（项目代号F1）,前大灯总成（全LED自适应）,国产SUV品牌，对整灯重量和尺寸有特殊要求,REL-02,LED光衰标准(L70),可靠性,h,8000,8000,否,一致,
SPEC-010,某自主品牌SUV（项目代号F1）,前大灯总成（全LED自适应）,国产SUV品牌，对整灯重量和尺寸有特殊要求,REL-03,PCBA MTBF,可靠性,h,50000,50000,否,一致,
SPEC-010,某自主品牌SUV（项目代号F1）,前大灯总成（全LED自适应）,国产SUV品牌，对整灯重量和尺寸有特殊要求,REL-04,调光电机耐久,可靠性,万次,10,10,否,一致,
SPEC-010,某自主品牌SUV（项目代号F1）,前大灯总成（全LED自适应）,国产SUV品牌，对整灯重量和尺寸有特殊要求,REL-05,整车质保期,可靠性,年,5,3,是,高于,客户要求5年质保，内部3年
